id_setting,n_data,alpha,n_seed,method,minVar,minCVar,beta_var,p1,p2,rho,a,b,NoExcVaR
UI,500,0.9,0,real,57,102.0,254,0.20268254546181416,0.08114354976934457,0.24791310391558885,0.6148722439406261,2.418799168363932,113
UI,500,0.9,0,KNN,62,107.0,177,0.21213029563904334,0.05533618946752128,0.061849238497613854,3.2176661059322686,11.9506817070902,114
UI,500,0.9,0,MLP,57,102.0,211,0.20379520023799252,0.06420242307414088,0.13971132685608292,1.2548925444848715,4.902723251620932,114
UI,500,0.9,0,LogisticRegression,58,103.0,200,0.20450389754239087,0.06049969890924785,0.11481201770574774,1.5767024746062717,6.133187134362232,111
UI,500,0.9,0,RandomForest,64,109.0,239,0.21655738086293375,0.07822115868799855,0.18462812377727966,0.956380828255272,3.4599120936525436,118
UI,500,0.9,0,AdaBoostClassifier,63,107.0,228,0.21378963957268507,0.07328689382570742,0.1640902442750639,1.0890887888017164,4.005118727421511,118
UI,1000,0.9,0,real,115,204.0,515,0.20373963824935784,0.08301673746063788,0.2558524868069551,0.592577180054945,2.315924990395,221
UI,1000,0.9,0,KNN,87,180.0,381,0.1790803320786181,0.05192085666709545,0.1350317311871194,1.1471289263465556,5.258537809972304,190
UI,1000,0.9,0,MLP,94,184.0,442,0.18493704338825445,0.06422211415316383,0.19915970240415115,0.74364961925367,3.2774464555472367,198
UI,1000,0.9,0,LogisticRegression,93,185.0,413,0.18406626923278582,0.05856308069307966,0.16434760440584922,0.9359151867718803,4.148749105203704,198
UI,1000,0.9,0,RandomForest,93,185.0,431,0.18447885020872173,0.061995661330359865,0.18586828536400105,0.8080457747417823,3.5721082307767937,195
UI,1000,0.9,0,AdaBoostClassifier,94,186.0,443,0.1851071331593007,0.06449365912910691,0.20040115953483018,0.7385758115348514,3.2514152759478425,201
UI,5000,0.9,0,real,534,982.0,2504,0.19629591732517354,0.0784301058492858,0.2528971225445738,0.5798928955411023,2.374284162459023,1048
UI,5000,0.9,0,KNN,511,961.0,2080,0.192039692552002,0.060844249125195475,0.15445305655241148,1.0513134455392903,4.423145670526593,1012
UI,5000,0.9,0,MLP,510,960.0,2572,0.1919204972744513,0.08034017866632429,0.2805309006011718,0.49221268328831497,2.0724570121249926,1018
UI,5000,0.9,0,LogisticRegression,497,948.0,2483,0.18954552824863866,0.07619939754907995,0.26215602841242647,0.5334801042220496,2.2810421329961232,1021
UI,5000,0.9,0,RandomForest,517,966.0,2266,0.19310529580079666,0.06816120784098137,0.19812871460719456,0.7815403843373957,3.2656835982265506,1019
UI,5000,0.9,0,AdaBoostClassifier,512,961.0,2569,0.19216247836311265,0.08026826570936507,0.27919961085486017,0.4960995065828574,2.0855673766129166,1016
UI,10000,0.9,0,real,1087,1980.0,4888,0.19790307282470349,0.07633499560265432,0.23415627608596648,0.6472721073276171,2.6233800260060502,2067
UI,10000,0.9,0,KNN,1114,2004.0,4069,0.2003292894365365,0.061054020175875835,0.13060254068136912,1.3335557972867906,5.323263088340396,2087
UI,10000,0.9,0,MLP,1051,1947.0,4810,0.1946411680541528,0.07405186620790138,0.23071962575596638,0.648985235276083,2.6852797702406406,2051
UI,10000,0.9,0,LogisticRegression,1088,1979.0,4815,0.19799878881248026,0.07486580259438014,0.2245802571651824,0.6836405472162808,2.7691106100881835,2053
UI,10000,0.9,0,RandomForest,1116,2005.0,4251,0.20047754927120984,0.06440768805434975,0.1510824073206243,1.1264641696664455,4.492440160324923,2062
UI,10000,0.9,0,AdaBoostClassifier,1092,1984.0,4834,0.19836063975150842,0.07532621561165201,0.22626524026002245,0.6783124167172051,2.7412793811692344,2077
2S,500,0.9,0,real,69,112.0,239,0.22585570661514795,0.08073804864334386,0.1700206717141697,1.102545742095988,3.7790920018199405,127
2S,500,0.9,0,KNN,87,129.0,216,0.25667389617616215,0.08153929484198354,0.08206723786183748,2.8709310149128173,8.314199447057018,139
2S,500,0.9,0,MLP,80,123.0,223,0.24489050440167645,0.08016456466779832,0.109200188512991,1.9976926608422705,6.15980068799966,138
2S,500,0.9,0,LogisticRegression,81,124.0,222,0.2464628011113202,0.08028989527235371,0.10524499187534195,2.095337950826042,6.406301815410586,137
2S,500,0.9,0,RandomForest,82,125.0,222,0.2491914443872234,0.0810574517855131,0.10134460511807084,2.2096611417657472,6.657662321924865,140
2S,500,0.9,0,AdaBoostClassifier,86,128.0,241,0.2556167167389783,0.09057348855352648,0.1326151230028159,1.6718913302402816,4.868726793522017,139
2S,1000,0.9,0,real,164,247.0,496,0.24797505922541643,0.09092673460154034,0.15784300366855428,1.3230483847159138,4.012360703797406,250
2S,1000,0.9,0,KNN,175,258.0,451,0.2578560596538263,0.08551209683395417,0.09940281086927258,2.3361959334325864,6.723881757077876,267
2S,1000,0.9,0,MLP,180,263.0,499,0.26256542145556755,0.09620293139322907,0.14079977308653194,1.6022488157600012,4.5000353575633865,273
2S,1000,0.9,0,LogisticRegression,178,261.0,492,0.2604333392605952,0.09409727995671283,0.13640025847243287,1.6488983744564105,4.682466032027501,264
2S,1000,0.9,0,RandomForest,173,257.0,496,0.2563357919781739,0.09370251857024843,0.14685416878464524,1.4891767399409919,4.320299683342934,272
2S,1000,0.9,0,AdaBoostClassifier,187,269.0,556,0.26876138061873744,0.11052049188505951,0.1948204613405006,1.110772262062477,3.022158812627023,267
2S,5000,0.9,0,real,669,1103.0,2323,0.22055471141945907,0.07688419832160744,0.16427062573029452,1.1220755395076958,3.9654400802467227,1195
2S,5000,0.9,0,KNN,625,1064.0,1885,0.21263283453567772,0.05922037046171275,0.08366765470242088,2.32876545499125,8.623284636010828,1139
2S,5000,0.9,0,MLP,603,1042.0,2175,0.20858659681159833,0.06816105377357376,0.1493394109990416,1.1881418048441066,4.508014242044397,1134
2S,5000,0.9,0,LogisticRegression,580,1023.0,2117,0.2044826592611228,0.06501010990314111,0.14260172792085968,1.2294597089383876,4.783078039236547,1110
2S,5000,0.9,0,RandomForest,622,1061.0,2088,0.21202965383583935,0.06582790165634524,0.12492334243937148,1.4852484510870754,5.519660643346783,1127
2S,5000,0.9,0,AdaBoostClassifier,599,1040.0,2212,0.2079225964008295,0.06939505242463595,0.1588628379399959,1.1008957471894287,4.193842613066417,1110
2S,10000,0.9,0,real,1511,2361.0,4796,0.2360184404877356,0.08413807665413582,0.15768833255406162,1.260721595157282,4.080901680345119,2382
2S,10000,0.9,0,KNN,1530,2378.0,4058,0.23775794883944895,0.07130069348506876,0.08150926484973335,2.6791859013696033,8.589358071435855,2396
2S,10000,0.9,0,MLP,1427,2285.0,4650,0.22848352649821516,0.07912656516569626,0.15272308740182922,1.2675805616841622,4.280217921258389,2298
2S,10000,0.9,0,LogisticRegression,1521,2370.0,4768,0.23697512298599854,0.08387434175766667,0.15328753782904905,1.308976533242693,4.214711003021543,2402
2S,10000,0.9,0,RandomForest,1544,2391.0,4289,0.2390370604451563,0.0755700971992741,0.10132792036235973,2.1200073134082134,6.748940913535462,2406
2S,10000,0.9,0,AdaBoostClassifier,1521,2370.0,4793,0.23694357857577028,0.08434750879491927,0.15600134722254588,1.2819123979545675,4.128288653536585,2402
NC,500,0.9,0,real,51,95.0,179,0.19181433101994533,0.05060531550189719,0.08910099303701971,1.9609600038322534,8.262259467857806,113
NC,500,0.9,0,KNN,70,114.0,171,0.22742403428088143,0.05872756883580777,0.03987355746672073,5.476206359622003,18.603070823875356,126
NC,500,0.9,0,MLP,62,107.0,182,0.21328224306197882,0.057150259357388516,0.06949604074976305,2.8557018423751583,10.533607091075263,123
NC,500,0.9,0,LogisticRegression,64,108.0,175,0.21531670005809878,0.05577599885356478,0.05572308719182093,3.648731594985142,13.297151348607056,120
NC,500,0.9,0,RandomForest,61,106.0,190,0.2109024638582866,0.05900585858587589,0.08728386679302307,2.2053798531580875,8.251491121306278,118
NC,500,0.9,0,AdaBoostClassifier,61,106.0,186,0.21043192941327035,0.057634067497161635,0.08036379091126279,2.408059894124246,9.03535508992241,124
NC,1000,0.9,0,real,117,205.0,374,0.20597204062966398,0.056766294784024535,0.08769200440075056,2.1428400581831166,8.26070815392094,219
NC,1000,0.9,0,KNN,111,201.0,278,0.20074055903746474,0.04354725010833764,0.020259295336685686,9.707825148771834,38.652233203760915,213
NC,1000,0.9,0,MLP,114,204.0,349,0.20324310051163522,0.0523309924008387,0.06807182618606844,2.7824723106773526,10.907893087579874,215
NC,1000,0.9,0,LogisticRegression,113,201.0,337,0.20196828761267313,0.050398442762647946,0.05960681546555444,3.1863739033785583,12.590231123908625,214
NC,1000,0.9,0,RandomForest,119,208.0,336,0.20726421904125344,0.051699959161700344,0.05320265419458643,3.688485385543427,14.1075693440297,220
NC,1000,0.9,0,AdaBoostClassifier,113,203.0,374,0.20218252731818182,0.055827479070163694,0.09267987732815888,1.9793323078865575,7.810496388791814,209
NC,5000,0.9,0,real,566,1011.0,1854,0.2020448675821536,0.055423038797417015,0.09056359149909958,2.0289274717177816,8.01303744428207,1054
NC,5000,0.9,0,KNN,551,997.0,1348,0.1992392738873084,0.04248852875462754,0.01750149330910767,11.18489066110757,44.953090786430174,1033
NC,5000,0.9,0,MLP,534,981.0,1701,0.1961794044356509,0.04938080284861174,0.0690863955017927,2.643444851690284,10.831184961266905,1019
NC,5000,0.9,0,LogisticRegression,534,982.0,1687,0.19625022090648037,0.0489944360459405,0.06644191608872026,2.757460816632326,11.293279120859761,1011
NC,5000,0.9,0,RandomForest,553,997.0,1532,0.19958635605370526,0.04605162284869903,0.03891609017227955,4.929046946267947,19.76726518511655,1019
NC,5000,0.9,0,AdaBoostClassifier,536,984.0,1730,0.19661356344575875,0.050293647474991245,0.0736705460780929,2.47220829157244,10.101737514937142,1020
NC,10000,0.9,0,real,1186,2068.0,3711,0.20676976715063858,0.056715532746990094,0.08512458259896775,2.222255560643973,8.525232291497652,2077
NC,10000,0.9,0,KNN,1126,2014.0,2846,0.20138651121377615,0.04443579339670232,0.024120293951403766,8.147869580771403,32.310994975968434,2056
NC,10000,0.9,0,MLP,1160,2045.0,3645,0.2044612231553743,0.05509589999229976,0.08171503222611516,2.297663754163791,8.939986684899631,2055
NC,10000,0.9,0,LogisticRegression,1162,2047.0,3612,0.20462146427548505,0.0546310157378139,0.07840831253562931,2.405069493964988,9.348680301958662,2049
NC,10000,0.9,0,RandomForest,1153,2038.0,3060,0.2037886930523547,0.04728479530391472,0.035467794053833254,5.541950462392303,21.652642031355498,2065
NC,10000,0.9,0,AdaBoostClassifier,1150,2036.0,3649,0.2035412356475706,0.054907503318381776,0.08314283948762585,2.244549747475182,8.782944215475531,2046
TC,500,0.9,0,real,70,114.0,208,0.22618896397219024,0.06930930978946148,0.10368576738302708,1.9552962068494026,6.689229027803929,118
TC,500,0.9,0,KNN,69,113.0,158,0.22544469603014775,0.05512435032656907,0.024619485155741368,8.931720638822924,30.686512994986256,116
TC,500,0.9,0,MLP,68,113.0,172,0.2240999770692151,0.05769728064380434,0.04299813833218412,4.987753041613646,17.26906780663921,116
TC,500,0.9,0,LogisticRegression,69,113.0,172,0.22480413813249878,0.05794228614684971,0.04249442251379556,5.065399254077806,17.46710079755499,117
TC,500,0.9,0,RandomForest,65,108.0,170,0.21795354469713307,0.055242774676429775,0.04540355673127577,4.582409254766132,16.4422970015867,120
TC,500,0.9,0,AdaBoostClassifier,61,106.0,175,0.2105252741128454,0.054311078691593496,0.06010784714063024,3.291933791256154,12.344829086981159,114
TC,1000,0.9,0,real,105,195.0,379,0.19469318230358895,0.05484138822488886,0.10801834522270619,1.6077153058518374,6.649971413364755,220
TC,1000,0.9,0,KNN,74,167.0,293,0.16682144543358213,0.03605852488829441,0.059205761665786935,2.6508341465216816,13.23941389462238,190
TC,1000,0.9,0,MLP,72,166.0,349,0.16568165739291854,0.04402001351274337,0.11986871579438461,1.2165109880769653,6.125949289176176,192
TC,1000,0.9,0,LogisticRegression,73,167.0,337,0.1661174083741114,0.04217172187721567,0.10523010670309935,1.4124936334416225,7.0904901734782175,188
TC,1000,0.9,0,RandomForest,60,155.0,311,0.15442184651268984,0.03614009844752549,0.09415218924224372,1.4857083273633407,8.135393614590496,190
TC,1000,0.9,0,AdaBoostClassifier,77,170.0,372,0.1698969173111473,0.04860009446820774,0.1399337617343546,1.0442269312836874,5.1020113146255825,192
TC,5000,0.9,0,real,622,1060.0,2015,0.21197035373192413,0.06327452664010556,0.1098133025752321,1.7183090275006958,6.388055834943079,1082
TC,5000,0.9,0,KNN,713,1143.0,1682,0.22846208930426365,0.05863142411134265,0.03651558095344116,6.028102460343273,20.357467586455115,1170
TC,5000,0.9,0,MLP,644,1081.0,2000,0.21604288676038902,0.06387112982337248,0.10153372874859194,1.9117513883358734,6.937192527395852,1096
TC,5000,0.9,0,LogisticRegression,700,1131.0,2045,0.22602259464561064,0.0681981855738021,0.09781825909056946,2.0846154873661864,7.138424763985096,1154
TC,5000,0.9,0,RandomForest,704,1135.0,1788,0.22680758886700658,0.06066850244842896,0.052614674453863405,4.083921142637871,13.922183340188056,1149
TC,5000,0.9,0,AdaBoostClassifier,699,1130.0,2092,0.22586779825942047,0.06976348272401459,0.10721793394348236,1.880755505806425,6.44604238350124,1158
TC,10000,0.9,0,real,1169,2053.0,3915,0.20528414165311668,0.05961784835061731,0.1071226860138227,1.7110619585058233,6.62402883515635,2142
TC,10000,0.9,0,KNN,1176,2060.0,3202,0.2059196049087535,0.049511756901975304,0.0434749006887275,4.530597365710228,17.47118030733889,2131
TC,10000,0.9,0,MLP,1250,2126.0,4038,0.21253043487418055,0.06357809150993474,0.10999503085917224,1.7196517121338348,6.371668070123512,2205
TC,10000,0.9,0,LogisticRegression,1135,2022.0,3852,0.2021766064975393,0.05778690484038878,0.1048443648895085,1.7261731594616827,6.811773882841087,2103
TC,10000,0.9,0,RandomForest,1181,2064.0,3454,0.2063167954324396,0.05284486964084698,0.06276786904811459,3.080664243658818,11.851053929431494,2124
TC,10000,0.9,0,AdaBoostClassifier,1130,2018.0,3934,0.20172311890076794,0.0590422357505426,0.11395340148086058,1.5685015185886577,6.207015376955336,2117
5NL,500,0.9,0,real,50,96.0,161,0.19109754962800873,0.04540846507635662,0.057512182898689215,3.1316340873299566,13.255986232377841,101
5NL,500,0.9,0,KNN,44,91.0,136,0.1809907924082663,0.037007107663118106,0.028667281439450996,6.132506104412936,27.750466740854215,103
5NL,500,0.9,0,MLP,42,89.0,132,0.17697764918897743,0.03524944361240336,0.026969985258166265,6.385044817276774,29.693210525751606,96
5NL,500,0.9,0,LogisticRegression,46,93.0,143,0.18459311403204012,0.03946389931860412,0.03580477950374234,4.970950827094417,21.95828135531518,100
5NL,500,0.9,0,RandomForest,39,85.0,145,0.17186467202880684,0.03663403773552456,0.049860967671689384,3.2750133179944196,15.780754684434283,96
5NL,500,0.9,0,AdaBoostClassifier,46,92.0,142,0.18360923970528464,0.03890638340223779,0.034650689598244494,5.115253259772361,22.744201244436493,101
5NL,1000,0.9,0,real,94,184.0,324,0.1849400295514443,0.04420359248105589,0.06634577897154555,2.6025776154031632,11.469971316894116,204
5NL,1000,0.9,0,KNN,74,168.0,268,0.16747166743252392,0.03341139713673255,0.03847689641267021,4.185053693112457,20.804568475860247,187
5NL,1000,0.9,0,MLP,77,170.0,311,0.16987778901107298,0.039159634461716636,0.07304794008289558,2.1556879807874907,10.533951985311338,182
5NL,1000,0.9,0,LogisticRegression,80,173.0,312,0.17205343577105903,0.03970068546950734,0.0708896188357554,2.2550076571895232,10.851430160129064,186
5NL,1000,0.9,0,RandomForest,82,175.0,336,0.17438463548061683,0.04360414283609442,0.09164212710376722,1.728502617268981,8.183509484629209,192
5NL,1000,0.9,0,AdaBoostClassifier,78,171.0,321,0.17055216251680533,0.040577835838318616,0.08122056324986184,1.9293121537663678,9.382840828030409,195
5NL,5000,0.9,0,real,477,930.0,1598,0.18595091930218538,0.04399586780385703,0.06221791555834493,2.8027528589169526,12.269788161237422,964
5NL,5000,0.9,0,KNN,486,938.0,1289,0.18749521816133777,0.03792163165024088,0.01816437565855269,10.134644209344147,43.91817009033977,969
5NL,5000,0.9,0,MLP,442,899.0,1587,0.17963615737844782,0.04220764824374991,0.06744046254259138,2.4839896631663425,11.343903893590621,951
5NL,5000,0.9,0,LogisticRegression,468,923.0,1609,0.18440851934707972,0.043928803292880944,0.06597186301506953,2.610851625192866,11.547125644170837,962
5NL,5000,0.9,0,RandomForest,484,936.0,1513,0.1871664307767301,0.042195892163468036,0.04709377798996496,3.787168157894679,16.447059433977145,963
5NL,5000,0.9,0,AdaBoostClassifier,471,925.0,1619,0.1848174227238137,0.044291764112817426,0.06726595118774298,2.5627453406120746,11.303616947329783,966
5NL,10000,0.9,0,real,990,1892.0,3226,0.18915306778850532,0.04520889727149023,0.0614837120992601,2.8873213565782483,12.377148790988427,1916
5NL,10000,0.9,0,KNN,969,1872.0,2672,0.18729792011212185,0.03864388341163405,0.023409756815828835,7.813550682628748,33.90368076352775,1920
5NL,10000,0.9,0,MLP,890,1802.0,3250,0.18012856546260542,0.04337156869855119,0.07397820297370032,2.2547584447915003,10.26273670652362,1827
5NL,10000,0.9,0,LogisticRegression,976,1880.0,3331,0.18792669350009436,0.046323972730845556,0.07212838260949161,2.417520520219417,10.446647284763454,1893
5NL,10000,0.9,0,RandomForest,957,1862.0,3004,0.18614807957349003,0.041699627218469766,0.046525812327765266,3.8148154772175795,16.678629773242427,1901
5NL,10000,0.9,0,AdaBoostClassifier,985,1888.0,3334,0.18872564273389184,0.046567149967397706,0.07151659031635102,2.450181524106609,10.532588006383262,1913
UI,500,0.9,1,real,52,96.0,236,0.19387795726117285,0.07179650005354558,0.21887511715279834,0.6919146343463066,2.876900738585704,112
UI,500,0.9,1,KNN,51,97.0,197,0.19217486653216564,0.05660127716058362,0.12670465503608902,1.3245402571325056,5.567829598696171,111
UI,500,0.9,1,MLP,58,104.0,227,0.2061773173048392,0.07087804320553977,0.17333209284411646,0.9833157184151042,3.78595633958361,118
UI,500,0.9,1,AdaBoostClassifier,62,106.0,255,0.2117818306477318,0.08352508587150709,0.23167480753583067,0.7023522217597147,2.61404286079729,117
UI,500,0.9,1,RandomForest,55,101.0,245,0.20006342029694793,0.07693646389889823,0.23063947719476685,0.6673657931673525,2.6684053946745947,116
UI,500,0.9,1,LogisticRegression,60,105.0,210,0.2088214815292919,0.06537742810109543,0.13177379584138954,1.3758750834867612,5.212887110202014,120
UI,500,0.9,2,real,52,97.0,239,0.19370763857602624,0.07300258401931589,0.22716609917563665,0.6590060333985762,2.743059255519539,110
UI,500,0.9,2,KNN,54,100.0,184,0.19806499502603345,0.05368410146827906,0.0910022111678994,1.9784205264121588,8.010323452072017,112
UI,500,0.9,2,MLP,47,93.0,212,0.18517347639449455,0.06082418917981288,0.1758630941611399,0.8677676050781777,3.8184737565330287,107
UI,500,0.9,2,AdaBoostClassifier,51,97.0,225,0.19211905865029016,0.06733266918776523,0.19601229696974595,0.788018726703684,3.313702009492513,108
UI,500,0.9,2,RandomForest,54,100.0,227,0.1988623974953089,0.06940025104894397,0.1873884033014568,0.8623686819111646,3.4741408479303,112
UI,500,0.9,2,LogisticRegression,48,94.0,194,0.1871146111218086,0.054572137079115395,0.128598999789154,1.267909233764968,5.508201013123124,107
UI,500,0.9,3,real,51,97.0,238,0.19283835446858222,0.0723408380629261,0.22585170478723873,0.6609889595667947,2.766695130495929,111
UI,500,0.9,3,KNN,65,109.0,216,0.21701140937416685,0.06963544190355188,0.13266141353067226,1.4188177562394892,5.1191691638892705,115
UI,500,0.9,3,MLP,54,100.0,235,0.19853102654376045,0.07240312254742905,0.20732333067619865,0.7590603159097222,3.064323510398847,115
UI,500,0.9,3,AdaBoostClassifier,60,105.0,231,0.20805374294567355,0.07305982369005,0.1806999856119149,0.9433229006850335,3.590711850970546,120
UI,500,0.9,3,RandomForest,56,101.0,238,0.20092654427241846,0.0743083125205452,0.21137194068866844,0.749656317473226,2.9813406007644154,116
UI,500,0.9,3,LogisticRegression,56,101.0,213,0.20128241654228696,0.06436826117893453,0.14837330099732815,1.1553121678121645,4.584444872559995,114
UI,500,0.9,4,real,51,97.0,238,0.19341889539546017,0.07252866060340497,0.22510246645932205,0.66582933248136,2.776592004473242,114
UI,500,0.9,4,KNN,58,103.0,217,0.20516324664356403,0.06700081647317266,0.15274827882650133,1.1379827990879479,4.408735813275907,120
UI,500,0.9,4,MLP,61,106.0,247,0.21064633479713624,0.07992360065685285,0.21381349280036543,0.7745409517128208,2.90243236228512,127
UI,500,0.9,4,AdaBoostClassifier,61,106.0,296,0.2111722263690915,0.10093975682616273,0.33825518794727866,0.4131263325103328,1.5432215244687675,119
UI,500,0.9,4,RandomForest,57,101.0,268,0.20393856270281868,0.08743038023662543,0.28235363948808134,0.5183420605488079,2.023315846935724,120
UI,500,0.9,4,LogisticRegression,62,105.0,226,0.21189175724709586,0.07218555064243166,0.16340403010773255,1.0848434402128704,4.034956661049615,122
UI,1000,0.9,1,real,92,184.0,481,0.1832450173789295,0.07181169949711862,0.2554547547473811,0.5340836444429511,2.380503895682887,218
UI,1000,0.9,1,KNN,62,157.0,351,0.15617778116505124,0.042739908259741936,0.13922851964985883,0.9655592132225287,5.216877276907989,193
UI,1000,0.9,1,MLP,65,159.0,411,0.15889605287712244,0.054118709597092744,0.21602068843228314,0.5766633698349757,3.052522877358538,188
UI,1000,0.9,1,AdaBoostClassifier,70,164.0,406,0.16373301167101545,0.053741635231149804,0.1967006171262176,0.668664029391405,3.415204107932874,186
UI,1000,0.9,1,RandomForest,61,156.0,395,0.15557084648982542,0.05058953082574329,0.20086421672927113,0.6189366741797572,3.3595508647322645,191
UI,1000,0.9,1,LogisticRegression,66,161.0,386,0.16008205590515945,0.049523369411896515,0.17773206018965157,0.7406111321101495,3.8858357730398585,190
UI,1000,0.9,2,real,129,217.0,532,0.21614362512838642,0.08938942537881386,0.25185904114395885,0.6420492122089237,2.328425683025887,221
UI,1000,0.9,2,KNN,134,222.0,467,0.22104899532685407,0.07743262954967513,0.1659247284858843,1.111175546286391,3.9156536619052793,230
UI,1000,0.9,2,MLP,135,222.0,537,0.22166613528022133,0.09194115897867934,0.2481030487756476,0.6717776831610289,2.3588055963869428,228
UI,1000,0.9,2,AdaBoostClassifier,131,219.0,569,0.2185185222441838,0.0980768260276316,0.2947064385722619,0.5229600937216146,1.8702470748920443,228
UI,1000,0.9,2,RandomForest,138,226.0,518,0.22509503157846641,0.08890709034051446,0.21922787449476355,0.8016677927075622,2.759795945900577,231
UI,1000,0.9,2,LogisticRegression,135,222.0,504,0.22189255439578603,0.08513299356820142,0.20790842000963244,0.8453684751805558,2.9644415361391863,223
UI,1000,0.9,3,real,132,220.0,534,0.21927944075011163,0.0906760354958115,0.24879419155512889,0.6620893700710178,2.357297070381374,218
UI,1000,0.9,3,KNN,121,210.0,469,0.20900446966677536,0.07478617252742017,0.18813817394249466,0.9019049501883679,3.4133374540759305,226
UI,1000,0.9,3,MLP,135,223.0,555,0.22207231367189004,0.0958380634480455,0.26929250951784167,0.602578598711426,2.110855546896498,222
UI,1000,0.9,3,AdaBoostClassifier,124,213.0,551,0.21234372932955523,0.09264592050263498,0.28433459347163914,0.5344656079949187,1.982517632736725,223
UI,1000,0.9,3,RandomForest,133,221.0,560,0.2202535881697713,0.09659129773556369,0.2799528945292677,0.5664987279301249,2.00553077968211,224
UI,1000,0.9,3,LogisticRegression,133,220.0,509,0.2198809848764091,0.08557323064808418,0.2170166086047478,0.7933178955690806,2.8146243556219295,227
UI,1000,0.9,4,real,107,197.0,505,0.19631054774123988,0.07931787872493298,0.25847338153703225,0.5631895082175716,2.3056808336854187,222
UI,1000,0.9,4,KNN,106,196.0,360,0.19573869067516106,0.052110450456686434,0.08764053074343829,2.037687887313598,8.372557937502686,220
UI,1000,0.9,4,MLP,105,195.0,462,0.19460998666937712,0.07017739503602595,0.206105517783338,0.7496150334203762,3.102268655842222,217
UI,1000,0.9,4,AdaBoostClassifier,95,187.0,456,0.18611407336162672,0.06731927745542687,0.21574975603881238,0.6765245538085732,2.9584748935145773,215
UI,1000,0.9,4,RandomForest,100,191.0,436,0.19088792939392804,0.06425249821872125,0.1800864075686158,0.869091732437656,3.6837982024619786,211
UI,1000,0.9,4,LogisticRegression,103,194.0,433,0.1930906858689135,0.06413708038473606,0.17234863511084772,0.9272586905291904,3.874934053015544,221
UI,5000,0.9,1,real,551,995.0,2463,0.19919402279742718,0.07738315151535685,0.23637095063793795,0.643523841897273,2.587114471741164,1051
UI,5000,0.9,1,KNN,572,1016.0,2196,0.2030636282735366,0.06763081379588443,0.1631105100728342,1.0418814594648076,4.088931322332437,1060
UI,5000,0.9,1,MLP,552,998.0,2527,0.19952002896056645,0.08010269207168957,0.2522947796847296,0.591301046330364,2.3723164381439927,1048
UI,5000,0.9,1,AdaBoostClassifier,567,1012.0,2552,0.20221046795335287,0.0817026918534357,0.25299569597603716,0.5970539905712956,2.355582421451763,1072
UI,5000,0.9,1,RandomForest,588,1030.0,2272,0.20586271492709698,0.07122200176736587,0.17642506520966436,0.9609936764055546,3.7071351623827176,1077
UI,5000,0.9,1,LogisticRegression,563,1008.0,2484,0.2014659146944045,0.07872937522468242,0.23708028885471752,0.6483133548843445,2.569666996121549,1055
UI,5000,0.9,2,real,557,1002.0,2526,0.200327246551912,0.08021828424125772,0.25023857189018245,0.6002177894860546,2.3959686994571903,1051
UI,5000,0.9,2,KNN,544,990.0,2152,0.19794251159470178,0.06479075362320583,0.16130832872668785,1.029164068439056,4.170143852569451,1031
UI,5000,0.9,2,MLP,534,981.0,2477,0.1961507229434761,0.0772990328676404,0.24622657286127914,0.6004762237916046,2.460823855966184,1031
UI,5000,0.9,2,AdaBoostClassifier,550,996.0,2512,0.1990773375954189,0.07935524260212475,0.2491349300516257,0.5999970336867196,2.4138921459348617,1024
UI,5000,0.9,2,RandomForest,554,1000.0,2256,0.1998174966063245,0.06923490331497144,0.18329968224153861,0.8902962131546112,3.565250614702269,1027
UI,5000,0.9,2,LogisticRegression,534,982.0,2425,0.19622016704648923,0.07517318263601695,0.23250911207584474,0.6477044658192115,2.6532022430490367,1022
UI,5000,0.9,3,real,582,1025.0,2478,0.20480831618193004,0.07923196213518781,0.22893950439474828,0.6897874711315737,2.6781786544338635,1053
UI,5000,0.9,3,KNN,603,1044.0,2030,0.208679971142229,0.06292630127281866,0.11735396966264254,1.569529762673397,5.95169881506198,1073
UI,5000,0.9,3,MLP,613,1053.0,2507,0.21049104750441017,0.08176383272543637,0.22539609093408397,0.7233807273685959,2.713253447855167,1088
UI,5000,0.9,3,AdaBoostClassifier,604,1045.0,2488,0.20887341297652967,0.08062447152143218,0.22388755722940415,0.7240654942193384,2.7424623127519085,1058
UI,5000,0.9,3,RandomForest,618,1057.0,2278,0.21131569207531062,0.07274943260332646,0.16857602230021665,1.042217812822718,3.8898239233329868,1065
UI,5000,0.9,3,LogisticRegression,604,1045.0,2435,0.20882489067988705,0.07842189549673469,0.21071711016269287,0.7821952050172136,2.9635038947279777,1076
UI,5000,0.9,4,real,546,992.0,2483,0.19832793028844567,0.0780320480670826,0.24339339407083202,0.6165172344522571,2.4920577078445794,1063
UI,5000,0.9,4,KNN,541,988.0,2007,0.19744359263896716,0.059391728295572044,0.12878836875957253,1.3356419998806934,5.429034341869093,1064
UI,5000,0.9,4,MLP,587,1029.0,2516,0.20567018262500397,0.08102250864486439,0.23702206302030593,0.662055715986355,2.556960806177359,1102
UI,5000,0.9,4,AdaBoostClassifier,558,1003.0,2459,0.20055231944479487,0.07749830452993861,0.23250058665127274,0.6620361253146978,2.639028290922232,1054
UI,5000,0.9,4,RandomForest,537,984.0,2187,0.19676789849631388,0.0658782236036152,0.1718479433040995,0.9482437595595633,3.8708541055246597,1055
UI,5000,0.9,4,LogisticRegression,544,990.0,2393,0.19794102164307906,0.07424288886198799,0.22085007750351554,0.6983277226480481,2.829630842293283,1056
UI,10000,0.9,1,real,1094,1986.0,4902,0.19854743280909198,0.07676132211906533,0.2346577993299482,0.6475673495509476,2.613957316816171,2068
UI,10000,0.9,1,KNN,1124,2013.0,4214,0.20123896383028916,0.06390361788951733,0.14561545925103583,1.180750042962439,4.6866526706192,2058
UI,10000,0.9,1,MLP,1057,1952.0,4803,0.19518813918307834,0.07402871472175732,0.22872472412531922,0.6581876378767966,2.713880155949007,2045
UI,10000,0.9,1,AdaBoostClassifier,1066,1961.0,4810,0.196013096094253,0.0743398116724454,0.22792201656952626,0.663987613994417,2.723477954497322,2056
UI,10000,0.9,1,RandomForest,1115,2004.0,4321,0.20038176773998317,0.06569170967023891,0.15938981328054572,1.056798748478357,4.217127918590866,2059
UI,10000,0.9,1,LogisticRegression,1054,1950.0,4724,0.19490290218897746,0.07238097621458191,0.21918661793868266,0.6943069594364636,2.868015363907881,2042
UI,10000,0.9,2,real,1169,2053.0,5069,0.20521914696797508,0.0816913550120716,0.24264516129234165,0.6405391029595969,2.4807052469130495,2074
UI,10000,0.9,2,KNN,1200,2081.0,4324,0.20808972169325177,0.06756596416631956,0.1472472179491753,1.205109961245164,4.586189826470797,2098
UI,10000,0.9,2,MLP,1133,2021.0,4963,0.20204115776725565,0.07878701457789238,0.23549349166639205,0.6559067894897392,2.5904950661362043,2055
UI,10000,0.9,2,AdaBoostClassifier,1193,2074.0,5063,0.20738620941357933,0.08207696997356738,0.23767248349349546,0.6651851811204244,2.5422854747216843,2094
UI,10000,0.9,2,RandomForest,1190,2072.0,4557,0.20718422843341136,0.07180778737202967,0.17583509115292056,0.9711029216168879,3.7160440149995253,2087
UI,10000,0.9,2,LogisticRegression,1188,2070.0,4999,0.20695279781236592,0.08064436502294212,0.230405408060488,0.6912587483214855,2.6489171547435655,2090
UI,10000,0.9,3,real,1138,2024.0,5086,0.20249831820118933,0.08141527500150915,0.25022613272503397,0.6067629527776687,2.389622193368798,2073
UI,10000,0.9,3,KNN,1123,2012.0,4091,0.20111203986302048,0.06164454850558377,0.13194140394384374,1.3231406501648941,5.255981369982893,2059
UI,10000,0.9,3,MLP,1042,1939.0,4809,0.1938022586162623,0.07386697275400746,0.23237950189783838,0.6401880763035384,2.6631174727359492,1985
UI,10000,0.9,3,AdaBoostClassifier,1080,1973.0,4892,0.19728625284883852,0.07628115657164476,0.23590714837365395,0.6390014739493826,2.599954432618134,2027
UI,10000,0.9,3,RandomForest,1112,2002.0,4388,0.20016287258578308,0.06691389289929435,0.16770208339398707,0.9933993571424556,3.9695557818862746,2060
UI,10000,0.9,3,LogisticRegression,1090,1982.0,4853,0.19815269188136667,0.07567659655189363,0.22916809845267813,0.6665081977469375,2.6971009029608304,2044
UI,10000,0.9,4,real,1186,2069.0,5067,0.20681219948006568,0.08202439812070174,0.23928854941851058,0.6574673491345967,2.521587613712879,2074
UI,10000,0.9,4,KNN,1188,2070.0,4119,0.20694584985270897,0.0635571660997805,0.12631412478406187,1.4313970530653846,5.485373947086283,2083
UI,10000,0.9,4,MLP,1095,1986.0,4863,0.19857309791312963,0.07597224922408503,0.22961263978067714,0.6662447017637829,2.688916237787221,1997
UI,10000,0.9,4,AdaBoostClassifier,1206,2086.0,4986,0.20857409952021305,0.08076148653682653,0.22571102171922044,0.7155017294698063,2.714942084851224,2104
UI,10000,0.9,4,RandomForest,1152,2038.0,4353,0.20374173530332837,0.06706098708876004,0.15749324106770132,1.089912100116412,4.259566729709256,2096
UI,10000,0.9,4,LogisticRegression,1181,2064.0,4946,0.20634975940073363,0.0794106334946201,0.22489170541277634,0.7112019084927899,2.735382718381532,2081
2S,500,0.9,1,real,73,117.0,238,0.23281083572669847,0.0822705874730855,0.15715643033133528,1.2485847090591462,4.114502044003932,127
2S,500,0.9,1,KNN,67,110.0,221,0.22186985944409066,0.07255990826945205,0.13515514257310307,1.4197240542059004,4.979180500677147,120
2S,500,0.9,1,MLP,65,109.0,214,0.2172716761467284,0.06884901234181975,0.12725763627815348,1.4900653646883366,5.368009240864207,121
2S,500,0.9,1,AdaBoostClassifier,76,119.0,261,0.23686312509493895,0.09293402830691373,0.20375135578437933,0.9256475447534878,2.982295257149896,124
2S,500,0.9,1,RandomForest,70,114.0,256,0.22659614171822218,0.0878309395696272,0.2081886411880315,0.8618212686895469,2.94151475528124,125
2S,500,0.9,1,LogisticRegression,65,108.0,209,0.21780243213790562,0.06703988353066163,0.11505906643651954,1.6751594950329902,6.016028700481534,118
2S,500,0.9,2,real,78,121.0,236,0.24056617679953407,0.0837670304902254,0.14173936811412066,1.456677009768418,4.598525883438045,126
2S,500,0.9,2,KNN,102,143.0,281,0.28516357515399954,0.11733539818507394,0.17668855609984585,1.3287698987991963,3.3309062119439625,144
2S,500,0.9,2,MLP,88,130.0,262,0.2596576805037583,0.10031732248850568,0.1711192758783425,1.257749865612531,3.586127131102623,143
2S,500,0.9,2,AdaBoostClassifier,98,140.0,298,0.2780775580567497,0.12235300650992756,0.2242878297621409,0.9617469939559764,2.4968096787823897,144
2S,500,0.9,2,RandomForest,102,143.0,293,0.2849369550036496,0.12261502131966374,0.20331966956072978,1.1164865059841365,2.801876789414142,149
2S,500,0.9,2,LogisticRegression,89,131.0,252,0.2602471328543156,0.09656875749802082,0.1498047094024233,1.476995533899934,4.19836202988453,142
2S,500,0.9,3,real,71,115.0,236,0.2280389041592361,0.07997804053415916,0.15892268627061645,1.2068657624571342,4.085502076689391,129
2S,500,0.9,3,KNN,78,120.0,176,0.24184729231347454,0.06488988991557532,0.034903335299884174,6.687212358736357,20.963344712905975,136
2S,500,0.9,3,MLP,75,118.0,221,0.2354749239671367,0.07644893352540737,0.11665224600138313,1.7831310790594797,5.789357100792139,130
2S,500,0.9,3,AdaBoostClassifier,79,122.0,228,0.24270304169142767,0.08132806217276153,0.1219994893672914,1.7466744790681912,5.450081140042659,132
2S,500,0.9,3,RandomForest,82,125.0,199,0.24922263796473743,0.07356463736580776,0.06120822161700931,3.8224956930163163,11.515178782435319,141
2S,500,0.9,3,LogisticRegression,76,119.0,220,0.23768712849457171,0.07697651817160818,0.11303673412643833,1.8650552262666016,5.981626409823843,130
2S,500,0.9,4,real,74,118.0,231,0.23480374389999184,0.08010619713632483,0.13899519970732452,1.4544901625969981,4.7400028997940185,127
2S,500,0.9,4,KNN,52,97.0,169,0.19379929522379963,0.04815234109049636,0.06780656521182352,2.664320631930371,11.083513842151332,104
2S,500,0.9,4,MLP,49,95.0,158,0.1886936228878707,0.04387907345446027,0.0540458545647174,3.302668007115426,14.200138693860065,108
2S,500,0.9,4,AdaBoostClassifier,58,102.0,199,0.20599185640893528,0.06078559589141797,0.11220982795876244,1.6297818910090132,6.282093460653623,109
2S,500,0.9,4,RandomForest,57,102.0,203,0.20330587631589073,0.0613651105433303,0.12367419906306525,1.4405768246210588,5.645184050127518,109
2S,500,0.9,4,LogisticRegression,52,97.0,166,0.19371240878580592,0.04742512198004014,0.0633891865854016,2.862209574450907,11.91335174550296,111
2S,1000,0.9,1,real,154,240.0,485,0.23943778871076343,0.08611413578469097,0.1580588792452918,1.2754267342696954,4.051329502234415,252
2S,1000,0.9,1,KNN,130,218.0,394,0.21765207131880338,0.06322255657190662,0.0930829531656654,2.120607125631366,7.622498523587125,228
2S,1000,0.9,1,MLP,140,227.0,482,0.2263670247028631,0.0817706671530144,0.17432484329152784,1.0721686310831076,3.664248400009097,236
2S,1000,0.9,1,AdaBoostClassifier,130,218.0,431,0.21706083129950446,0.0695352426094435,0.1319237507354302,1.428289836266742,5.151846374425714,233
2S,1000,0.9,1,RandomForest,131,217.0,434,0.21793427039587784,0.07034165219492558,0.13404394619219784,1.4079076762555847,5.052332255551242,238
2S,1000,0.9,1,LogisticRegression,139,226.0,469,0.22589318494611085,0.07897736769024707,0.15983509638517582,1.1873958238968583,4.069052369372081,234
2S,1000,0.9,2,real,163,246.0,479,0.24698531350447744,0.08715037967815013,0.14059647749397775,1.5097109985730237,4.602842728406613,252
2S,1000,0.9,2,KNN,164,249.0,417,0.2483971553292641,0.07658365253858203,0.0797151791203914,2.867661267547995,8.67700100423503,264
2S,1000,0.9,2,MLP,170,254.0,477,0.253742022826899,0.08894342904873563,0.12969372019459693,1.7027291343438724,5.007744422121046,258
2S,1000,0.9,2,AdaBoostClassifier,187,269.0,525,0.2685659583546767,0.10366511308777579,0.1605462967784272,1.4042596610657858,3.8244732344685026,261
2S,1000,0.9,2,RandomForest,179,262.0,495,0.26178674459235174,0.09522044517235823,0.13809848217524323,1.6338658390527243,4.60734336360185,264
2S,1000,0.9,2,LogisticRegression,169,253.0,463,0.2521682640260086,0.08585434300954564,0.11806966195363021,1.8835900658681377,5.585986144087749,256
2S,1000,0.9,3,real,146,232.0,468,0.23179809272952198,0.08062059655309675,0.1510113017843,1.3031737272137314,4.3188471956200445,250
2S,1000,0.9,3,KNN,123,212.0,375,0.21146065931558275,0.0584751457252462,0.08251840387193322,2.3511271927084048,8.76738156507099,238
2S,1000,0.9,3,MLP,134,222.0,419,0.22112630598618466,0.0684501293971498,0.11353043713843704,1.7266007666901328,6.081609834847651,240
2S,1000,0.9,3,AdaBoostClassifier,130,218.0,426,0.21766002052008496,0.06869113255754634,0.12517459657174781,1.521191363690396,5.467650041736607,234
2S,1000,0.9,3,RandomForest,136,224.0,445,0.22326273709082747,0.0737874694204315,0.13805619072013692,1.3939246988849434,4.849502740216053,244
2S,1000,0.9,3,LogisticRegression,135,223.0,418,0.22231325768339502,0.06858877460730445,0.11085419606366513,1.783143148817533,6.237715199437374,243
2S,1000,0.9,4,real,129,217.0,469,0.21639610265899364,0.07657871461520498,0.1754534808799387,1.0169570435010367,3.682559403734863,244
2S,1000,0.9,4,KNN,161,246.0,468,0.24540738273800614,0.08463782632339077,0.13183227215647422,1.6161048154802475,4.969291261233662,270
2S,1000,0.9,4,MLP,147,234.0,507,0.23313664906422915,0.08870856773497496,0.19216417484818588,0.980079337990634,3.2238042724170963,258
2S,1000,0.9,4,AdaBoostClassifier,149,235.0,517,0.23430911456088283,0.09127476321154485,0.20274419421960016,0.9213792910323997,3.0109444376404957,273
2S,1000,0.9,4,RandomForest,162,247.0,519,0.2464678881740823,0.09531096561956791,0.18610958679128675,1.077848029256246,3.2953303074484266,271
2S,1000,0.9,4,LogisticRegression,147,234.0,496,0.2331624632489821,0.08641912850544806,0.17927741263329264,1.0674055214598042,3.51054200305894,264
2S,5000,0.9,1,real,717,1147.0,2377,0.2292039249243976,0.08134708566640958,0.1630878493114874,1.1761976785238852,3.95546696860788,1197
2S,5000,0.9,1,KNN,722,1151.0,2050,0.23004276944243568,0.06958057824726166,0.09406397622648484,2.2155562648543037,7.415506126046816,1186
2S,5000,0.9,1,MLP,682,1115.0,2345,0.22287802883166125,0.07835241566161044,0.1655729492447643,1.1232236735284447,3.9164102434933104,1168
2S,5000,0.9,1,AdaBoostClassifier,693,1125.0,2375,0.22480474921383406,0.0800576988865953,0.16939768511852843,1.1022780208866527,3.800990369707321,1182
2S,5000,0.9,1,RandomForest,710,1140.0,2203,0.2278724910251292,0.07429748349746575,0.1271499928587937,1.5642824741598915,5.300444668298929,1187
2S,5000,0.9,1,LogisticRegression,690,1122.0,2336,0.22430884824009314,0.07839315771764391,0.16137703351100588,1.1656587534941893,4.031009869317,1183
2S,5000,0.9,2,real,796,1217.0,2459,0.2433199206356968,0.08875948345254683,0.1605238334848788,1.272466958841848,3.9571375695984656,1210
2S,5000,0.9,2,KNN,819,1238.0,2101,0.24756040624503686,0.07688732113005929,0.08375374621987014,2.70825252627633,8.231511903780355,1251
2S,5000,0.9,2,MLP,825,1243.0,2490,0.24856722661401018,0.0916312782731841,0.15978885737924764,1.3070307712116664,3.951227885877108,1227
2S,5000,0.9,2,AdaBoostClassifier,823,1241.0,2460,0.24816052918004775,0.09027932437839772,0.15380081385938726,1.3653584305240503,4.136557748633832,1227
2S,5000,0.9,2,RandomForest,814,1233.0,2239,0.24654682430553862,0.08131049241965513,0.11049198676837305,1.9848079690637979,6.065622105076543,1245
2S,5000,0.9,2,LogisticRegression,828,1246.0,2478,0.2490934007096078,0.09131200565785615,0.1564561786980746,1.3430035224185952,4.048562527074255,1241
2S,5000,0.9,3,real,741,1168.0,2392,0.23352744228993505,0.08316308472851781,0.15993987603199736,1.2265677389989709,4.025781736374771,1198
2S,5000,0.9,3,KNN,766,1190.0,2047,0.23796299802430249,0.07194231298867242,0.08446129324956389,2.57945772653179,8.26028520808357,1228
2S,5000,0.9,3,MLP,767,1191.0,2447,0.2381233366415076,0.08670232241428272,0.16535937363348094,1.2019119719666123,3.8455226428771767,1238
2S,5000,0.9,3,AdaBoostClassifier,760,1185.0,2409,0.23697615605865896,0.08486407622639118,0.15875800557113048,1.2557117572604626,4.043183195485442,1239
2S,5000,0.9,3,RandomForest,758,1183.0,2169,0.23644969632842408,0.07562558419433546,0.10921120061377,1.9286184926445178,6.227951478017577,1221
2S,5000,0.9,3,LogisticRegression,758,1183.0,2415,0.23654932705666498,0.08497948774330856,0.16071378300347922,1.235317756375405,3.986923928884106,1223
2S,5000,0.9,4,real,756,1181.0,2416,0.23616666856670832,0.08488653987430658,0.16138104158397956,1.2272435700133444,3.9692711518204424,1218
2S,5000,0.9,4,KNN,733,1161.0,2063,0.23201832336955389,0.07059085684870929,0.09404987660725068,2.234952732891595,7.397703428646697,1172
2S,5000,0.9,4,MLP,743,1170.0,2458,0.23390461245432292,0.08593860858369265,0.17426572583061956,1.108324970210839,3.6300380683821105,1196
2S,5000,0.9,4,AdaBoostClassifier,738,1165.0,2447,0.23285102008756117,0.0851781597691311,0.17330972218958007,1.11070326611141,3.659313484051744,1187
2S,5000,0.9,4,RandomForest,724,1153.0,2208,0.2304852150750632,0.07524239737077082,0.12471098854813881,1.6176696087976938,5.400869989370892,1168
2S,5000,0.9,4,LogisticRegression,744,1170.0,2437,0.23397162309224767,0.08510871547033577,0.16942577120043775,1.146996699699249,3.755293093138455,1185
2S,10000,0.9,1,real,1469,2322.0,4782,0.23229157894488606,0.08278849772768945,0.16165964345973372,1.2046259718634853,3.981209766720713,2378
2S,10000,0.9,1,KNN,1480,2333.0,4065,0.23326448505561553,0.06998907247820356,0.0870928930815794,2.445076729704746,8.036916399898905,2353
2S,10000,0.9,1,MLP,1372,2236.0,4684,0.22356486286874394,0.07843540813852483,0.1639219245185268,1.1402848084044335,3.9601804157393814,2294
2S,10000,0.9,1,AdaBoostClassifier,1450,2306.0,4781,0.23052278352492106,0.08227763702745904,0.16426062626567392,1.1728736893017369,3.915012511634861,2343
2S,10000,0.9,1,RandomForest,1443,2298.0,4209,0.22989167541973657,0.07138997114987389,0.10472002020089798,1.9654065586577725,6.583865854406802,2329
2S,10000,0.9,1,LogisticRegression,1432,2290.0,4762,0.22896220477904244,0.08145523072796945,0.16444875922505026,1.16333899505272,3.9175825315821338,2360
2S,10000,0.9,2,real,1507,2357.0,4842,0.23563507446428109,0.08494503151536119,0.16334989417952384,1.206882385665378,3.9149458837853865,2378
2S,10000,0.9,2,KNN,1566,2411.0,4105,0.24100242567862318,0.07312512791449496,0.0822377959607116,2.6895530793416347,8.470305879886086,2425
2S,10000,0.9,2,MLP,1570,2414.0,4995,0.2413577996821132,0.08972361748469268,0.17186950336459017,1.1629506724855125,3.6554172195696606,2452
2S,10000,0.9,2,AdaBoostClassifier,1562,2407.0,5008,0.2406032550199026,0.08976945265696211,0.17447838402762206,1.1383827801889754,3.592986211867299,2419
2S,10000,0.9,2,RandomForest,1537,2385.0,4447,0.23841845926127067,0.07819783836643784,0.11760685768372739,1.7888311757843411,5.714074349412465,2446
2S,10000,0.9,2,LogisticRegression,1560,2405.0,4958,0.2404705942779527,0.08871445279407901,0.16911731907941838,1.1814452425331567,3.731609703249154,2445
2S,10000,0.9,3,real,1568,2411.0,4846,0.24119076984551505,0.08667024084148023,0.1557075657452062,1.3078076278459798,4.114487879851835,2395
2S,10000,0.9,3,KNN,1571,2415.0,4213,0.2414271529645666,0.07503189915526473,0.09143180844956066,2.399088845425743,7.538023927003568,2427
2S,10000,0.9,3,MLP,1590,2432.0,4908,0.24311610835483957,0.0884982107734318,0.15973404824267984,1.2788894442268148,3.98151659319312,2379
2S,10000,0.9,3,AdaBoostClassifier,1624,2461.0,4925,0.24619979677594353,0.08979088989931298,0.15721355791048536,1.3198216077910259,4.040952954472761,2431
2S,10000,0.9,3,RandomForest,1596,2438.0,4430,0.24372391077445968,0.07956051925890466,0.1093689991569662,1.9847312515748006,6.158627540296393,2451
2S,10000,0.9,3,LogisticRegression,1631,2469.0,4965,0.24684569329914063,0.09079047380476422,0.16060035633040168,1.2901726480007314,3.936463598949486,2432
2S,10000,0.9,4,real,1501,2350.0,4825,0.2350925884234288,0.08445040287464947,0.1622801598898209,1.2135909018015785,3.948591836241962,2386
2S,10000,0.9,4,KNN,1482,2335.0,3881,0.23342998325245276,0.06715534550057001,0.07078215186077912,3.064435045084896,10.063420264639122,2371
2S,10000,0.9,4,MLP,1439,2296.0,4648,0.22955817331714468,0.07937518401645051,0.1508427303851272,1.2922796555993814,4.337141579662203,2336
2S,10000,0.9,4,AdaBoostClassifier,1483,2336.0,4741,0.23353065085765087,0.0823318480677979,0.15528604214799463,1.27034341037403,4.16938540341694,2371
2S,10000,0.9,4,RandomForest,1504,2355.0,4253,0.23544455356212576,0.0738278739953132,0.10218151052860044,2.0687350611659325,6.717771272776955,2373
2S,10000,0.9,4,LogisticRegression,1490,2342.0,4702,0.23411790939454505,0.08174802265673303,0.15022765501791638,1.3243029377307718,4.332261060960006,2368
NC,500,0.9,1,real,48,95.0,175,0.18819810271938867,0.04866799568010442,0.08672278118374023,1.9819133737173862,8.549082131157997,112
NC,500,0.9,1,KNN,82,125.0,174,0.24895372589160025,0.06714798844767894,0.02765080662903749,8.754535005246368,26.410775230218892,132
NC,500,0.9,1,MLP,73,116.0,174,0.2316724635852955,0.06090664295140167,0.040643252951258695,5.468473237427559,18.13585656853672,130
NC,500,0.9,1,AdaBoostClassifier,79,122.0,197,0.24227189473675523,0.07082210081867539,0.06605664715797874,3.4253664908044628,10.71315541462067,134
NC,500,0.9,1,RandomForest,85,128.0,206,0.2540971527160345,0.07748853233461778,0.06818470577858439,3.472503260302715,10.193542278520779,135
NC,500,0.9,1,LogisticRegression,72,116.0,172,0.23054603761577877,0.06001198400106645,0.03867372515662838,5.730763266947529,19.12658551313521,134
NC,500,0.9,2,real,58,103.0,186,0.20492695254960694,0.05618540361007394,0.08709373691800648,2.1480201161158328,8.333861766406212,114
NC,500,0.9,2,KNN,83,125.0,204,0.2497823890593726,0.07552417774600964,0.07008301117618036,3.3143108892877855,9.954482406224571,134
NC,500,0.9,2,MLP,78,121.0,219,0.24151564177306903,0.07759659277746488,0.10517618566507358,2.0547802378108195,6.4530754966083,132
NC,500,0.9,2,AdaBoostClassifier,69,113.0,219,0.2257122681221667,0.07304236709451976,0.12643368133223795,1.5595103540763187,5.3497744936236815,133
NC,500,0.9,2,RandomForest,75,118.0,209,0.23566967642909747,0.0723088779729919,0.09309237766715588,2.295898238539981,7.446119798376183,131
NC,500,0.9,2,LogisticRegression,79,122.0,207,0.2425516548705607,0.07395093701914346,0.08229698980962509,2.7047208447322078,8.446391878992767,130
NC,500,0.9,3,real,56,101.0,184,0.2017289581446353,0.05461061402351253,0.08641658375224852,2.132648882135697,8.439204072234077,111
NC,500,0.9,3,KNN,44,89.0,118,0.1799747092026741,0.03391772150288481,0.01034548109764906,17.216481531346975,78.44407881970747,101
NC,500,0.9,3,MLP,48,94.0,133,0.18683697112690179,0.03808191435259727,0.02089043105188597,8.756825830742631,38.11198058671618,103
NC,500,0.9,3,AdaBoostClassifier,48,94.0,155,0.18706818742993347,0.04282117148472592,0.05146626754429097,3.447704574533848,14.982497919544771,101
NC,500,0.9,3,RandomForest,45,91.0,138,0.18163030071109837,0.037555400314263784,0.030717247132287424,5.731344254880677,25.82365638347024,99
NC,500,0.9,3,LogisticRegression,48,94.0,135,0.18665072876647815,0.0384534253212391,0.023811854101712195,7.651912699447248,33.34397706741029,104
NC,500,0.9,4,real,47,92.0,175,0.1859724884155293,0.04813580372847207,0.0895061145709665,1.8917904589179857,8.280630607434217,112
NC,500,0.9,4,KNN,20,69.0,85,0.13629185232546687,0.018996258628090467,0.003574605386503461,37.991511807929506,240.75964723627504,79
NC,500,0.9,4,MLP,19,68.0,90,0.13537627509179914,0.019240527856815032,0.0078068824966522204,17.205255552026003,109.88684784889288,78
NC,500,0.9,4,AdaBoostClassifier,20,69.0,119,0.13718126056384314,0.024014592905654834,0.043898125844785654,2.9878100214986456,18.792205770879033,81
NC,500,0.9,4,RandomForest,18,67.0,110,0.1334012995207348,0.02161055590114019,0.03299715605560311,3.9094107323991194,25.396231314900714,77
NC,500,0.9,4,LogisticRegression,21,68.0,94,0.13781636160625158,0.020160397513277573,0.009821733738644183,13.893959011495777,86.92105925411265,79
NC,1000,0.9,1,real,93,185.0,342,0.18450706161265903,0.046626083016712776,0.0836293732558668,2.0217400309490916,8.935781125409061,218
NC,1000,0.9,1,KNN,88,179.0,272,0.17994788072887943,0.03694246373404141,0.030909587193009538,5.6418018438861575,25.710619874193544,204
NC,1000,0.9,1,MLP,82,174.0,319,0.17384712185507545,0.041096708837863656,0.07571063569799043,2.1223576352744775,10.085826271528234,196
NC,1000,0.9,1,AdaBoostClassifier,83,176.0,346,0.17551635027334592,0.045378124486025385,0.10069863115537957,1.5674701060422418,7.363151477651228,203
NC,1000,0.9,1,RandomForest,79,172.0,298,0.17157049868370233,0.03777560205941741,0.05867112980876297,2.7527041700185264,13.29145371921037,198
NC,1000,0.9,1,LogisticRegression,84,176.0,309,0.175697902649505,0.040077249044055324,0.0635753206169312,2.587920132525898,12.1414539437046,202
NC,1000,0.9,2,real,112,202.0,364,0.20104108412425192,0.05407193165127616,0.08500878440774888,2.163903733361799,8.599586439647263,217
NC,1000,0.9,2,KNN,97,189.0,248,0.18816563554979873,0.037302096694555566,0.012410307791156441,14.973878587394514,64.60430019980672,210
NC,1000,0.9,2,MLP,104,194.0,325,0.1936229512413493,0.046534674110642715,0.057930231525757256,3.148724319626139,13.113419705387372,213
NC,1000,0.9,2,AdaBoostClassifier,115,205.0,349,0.20418283980073287,0.05268811110548498,0.06768003949174992,2.8127013306026374,10.962703759429829,218
NC,1000,0.9,2,RandomForest,94,186.0,314,0.1851118451925197,0.042990579573681416,0.05783525022069629,3.0155632532598444,13.274929935306854,207
NC,1000,0.9,2,LogisticRegression,104,195.0,315,0.19406454032580434,0.045396443711028,0.049457960790438266,3.7297636407026555,15.489428255161569,211
NC,1000,0.9,3,real,132,220.0,385,0.2195653665323364,0.062297235091132025,0.0822162671850341,2.45101764641571,8.712025437861302,220
NC,1000,0.9,3,KNN,120,209.0,307,0.20853233172621216,0.048677738542810635,0.031457813850832406,6.420419467500624,24.368184939081146,217
NC,1000,0.9,3,MLP,131,219.0,387,0.21817551980295832,0.06221944068192502,0.08570357007992836,2.327523797035169,8.340601568890495,216
NC,1000,0.9,3,AdaBoostClassifier,140,227.0,424,0.2262771388767424,0.07078415683989889,0.11185334459420984,1.7967033960148187,6.143574640622144,217
NC,1000,0.9,3,RandomForest,120,209.0,382,0.2086179946863605,0.05872492811804282,0.09208831154257709,2.056794316518627,7.80234712335509,219
NC,1000,0.9,3,LogisticRegression,130,218.0,372,0.21783288230196504,0.059756313393695,0.07222106308437981,2.7983631275443477,10.048012947419343,213
NC,1000,0.9,4,real,110,200.0,358,0.19927011108545603,0.05262823426009055,0.08096974735333888,2.2617738911725773,9.088517825018185,220
NC,1000,0.9,4,KNN,123,210.0,334,0.21091958476613576,0.05257231120278082,0.048579690310893056,4.130803950652568,15.45392999063749,228
NC,1000,0.9,4,MLP,122,211.0,359,0.2105338293694978,0.055836252928515705,0.06926060769137055,2.8292002472884272,10.6090213238543,232
NC,1000,0.9,4,AdaBoostClassifier,116,205.0,363,0.20454848398520298,0.05472571961642779,0.07919466470308179,2.3783083884076555,9.248804861572252,230
NC,1000,0.9,4,RandomForest,118,207.0,372,0.20646623030184658,0.05670847706134405,0.08593964258475885,2.1959900063321194,8.440083520663759,228
NC,1000,0.9,4,LogisticRegression,123,212.0,345,0.21130784640117897,0.0540568375296425,0.05643831692426986,3.5327415497695567,13.185717371353505,228
NC,5000,0.9,1,real,585,1027.0,1873,0.20534069262775173,0.05687379012126725,0.09014193114475047,2.072630170088834,8.020986166954065,1041
NC,5000,0.9,1,KNN,604,1044.0,1529,0.20877484086442738,0.04878979713194728,0.031496633490587414,6.419706292740676,24.3297186195708,1072
NC,5000,0.9,1,MLP,620,1059.0,1901,0.21162181220141588,0.05941771452237636,0.08771335845508843,2.2010302165628675,8.1997417708879,1079
NC,5000,0.9,1,AdaBoostClassifier,613,1052.0,1899,0.21034212627258134,0.05902524029702957,0.08899205332975352,2.1532635935906748,8.083694792958442,1092
NC,5000,0.9,1,RandomForest,604,1045.0,1699,0.20880919531914982,0.052798984584461583,0.05567351007153745,3.541793111791718,13.420070595293645,1071
NC,5000,0.9,1,LogisticRegression,621,1060.0,1892,0.21195439044132225,0.05923815827464027,0.08569429478217203,2.2614236915149513,8.407964597891237,1077
NC,5000,0.9,2,real,532,978.0,1795,0.1957990603919781,0.05202116951988741,0.08690297254734683,2.0572776141176496,8.449808630316348,1048
NC,5000,0.9,2,KNN,561,1006.0,1511,0.20115463466013223,0.04607117205319368,0.034899088228911274,5.56273906195221,22.091304660931502,1051
NC,5000,0.9,2,MLP,538,985.0,1844,0.1969343868412767,0.05384299196815737,0.09522429170111263,1.8711764219073255,7.630345638648108,1066
NC,5000,0.9,2,AdaBoostClassifier,526,973.0,1864,0.19478358043909366,0.05394983985781751,0.10207151774241902,1.7135213490397945,7.083530973857318,1040
NC,5000,0.9,2,RandomForest,570,1014.0,1606,0.20276016228026414,0.04869149413481604,0.046890702466084545,4.121341453107663,16.204847906569505,1062
NC,5000,0.9,2,LogisticRegression,530,978.0,1803,0.19547999770448327,0.05219744693096344,0.08892499317059668,2.0027771033898683,8.242655303690182,1055
NC,5000,0.9,3,real,568,1012.0,1828,0.2022459998218058,0.05465008522145897,0.08520158085629206,2.171489296998855,8.565382131322194,1044
NC,5000,0.9,3,KNN,652,1088.0,1537,0.2174242883557886,0.05178275704562542,0.026502558011392164,7.9864739263937095,28.745732888139003,1111
NC,5000,0.9,3,MLP,650,1086.0,1943,0.21710454211210128,0.062290282554912466,0.0891680066521892,2.2176761630229116,7.9971085736217375,1125
NC,5000,0.9,3,AdaBoostClassifier,636,1072.0,1971,0.21459985488617808,0.062486897958779826,0.09750291561593745,1.9863584808846813,7.269745079535863,1115
NC,5000,0.9,3,RandomForest,677,1110.0,1728,0.22192110107244256,0.0575463081397899,0.04805253304152362,4.3963807245703945,15.41417673627918,1114
NC,5000,0.9,3,LogisticRegression,639,1075.0,1913,0.21518776153293814,0.06079033435206259,0.08576735588978383,2.293782688877088,8.36566500687629,1100
NC,5000,0.9,4,real,597,1038.0,1896,0.20748030192222205,0.0581681514411398,0.09195323873969287,2.0488872254468253,7.826205525020227,1045
NC,5000,0.9,4,KNN,540,987.0,1463,0.19721038271272012,0.04391287556604101,0.031714184862779285,6.021154792598805,24.510477009599267,1013
NC,5000,0.9,4,MLP,551,997.0,1802,0.19932985738927794,0.05313467489045245,0.08397553692206676,2.1743359111555782,8.73389399308483,1018
NC,5000,0.9,4,AdaBoostClassifier,574,1017.0,1881,0.20336772135557862,0.056621078569122046,0.09420847631906648,1.9553310422902426,7.659425071726369,1016
NC,5000,0.9,4,RandomForest,552,998.0,1592,0.19947108681532894,0.047412863008683886,0.047745711825725345,3.978309056946794,15.965980215565443,1012
NC,5000,0.9,4,LogisticRegression,560,1005.0,1798,0.20088716510805388,0.05338866500630533,0.08118662646150934,2.2735002289454025,9.043799350857942,1023
NC,10000,0.9,1,real,1105,1994.0,3666,0.19949618416982304,0.05413307056753023,0.08975936983079756,2.023070492503149,8.117827687654165,2067
NC,10000,0.9,1,KNN,1113,2003.0,2967,0.20020124331355207,0.04522628295253843,0.03213666285397603,6.029482411870697,24.08762531471073,2070
NC,10000,0.9,1,MLP,1172,2056.0,3765,0.20555866451438096,0.05723599073670344,0.09174054929274329,2.0350935455039623,7.865211801578806,2123
NC,10000,0.9,1,AdaBoostClassifier,1125,2014.0,3754,0.20130136284566644,0.055972813697349945,0.09609814143791641,1.8934463589994774,7.512582155569075,2099
NC,10000,0.9,1,RandomForest,1117,2006.0,3214,0.20055923979456472,0.04810261714481239,0.04913834858650196,3.8809625362394695,15.469741725618743,2062
NC,10000,0.9,1,LogisticRegression,1125,2013.0,3674,0.2012691507416809,0.05469744518804605,0.08825693434045444,2.0792219204690854,8.251332528005893,2085
NC,10000,0.9,2,real,1151,2037.0,3725,0.203632378298985,0.05609958489152338,0.09023727780503135,2.053000171744648,8.028894410233125,2078
NC,10000,0.9,2,KNN,1148,2035.0,2890,0.20340674870127923,0.04547184351466494,0.025288380613184454,7.84007977630797,30.70377300320279,2079
NC,10000,0.9,2,MLP,1093,1985.0,3591,0.1984182633442765,0.05270635381901237,0.08385209712913215,2.1678703583787096,8.757889810266816,2024
NC,10000,0.9,2,AdaBoostClassifier,1150,2036.0,3656,0.20358159974676254,0.055021319634400184,0.0837311937333977,2.227789442148885,8.71519089065308,2082
NC,10000,0.9,2,RandomForest,1141,2028.0,3013,0.20270917965455032,0.04645861274972619,0.033211620298232644,5.900852701225578,23.209090475898332,2084
NC,10000,0.9,2,LogisticRegression,1153,2039.0,3650,0.2038039434698405,0.05499558667426562,0.08294640914579827,2.2532517094403683,8.802725279777565,2073
NC,10000,0.9,3,real,1151,2037.0,3682,0.20365204023329186,0.055448041468637486,0.08616395402723771,2.1598889849349683,8.445892240980976,2077
NC,10000,0.9,3,KNN,1169,2053.0,2953,0.20521675432090472,0.04663945892141978,0.027746559906947802,7.19089847614991,27.849605404462604,2143
NC,10000,0.9,3,MLP,1034,1932.0,3515,0.1931119321516954,0.050255007408303465,0.08319094389124035,2.128197613313869,8.892341561086528,1967
NC,10000,0.9,3,AdaBoostClassifier,1181,2064.0,3750,0.20636506233811455,0.057213354445173926,0.0893085075592933,2.104333750623035,8.092807790859837,2103
NC,10000,0.9,3,RandomForest,1207,2087.0,3243,0.2086834446050559,0.050828401769581005,0.044082941258952214,4.525198611467843,17.15931316205007,2106
NC,10000,0.9,3,LogisticRegression,1170,2054.0,3678,0.20532729424531074,0.055826547196683354,0.08376182663977945,2.2459957306018286,8.692616882283676,2101
NC,10000,0.9,4,real,1154,2040.0,3706,0.20391192287998833,0.05588820706102298,0.0881412656935296,2.1095552304412437,8.235868415697858,2069
NC,10000,0.9,4,KNN,1238,2115.0,3049,0.2114303813135612,0.04956705231970383,0.029174815097704563,7.0355866299515695,26.240551767192162,2160
NC,10000,0.9,4,MLP,1260,2135.0,3856,0.21343197486635127,0.060793315305739656,0.09078043450771052,2.1376470437636703,7.877942443363803,2156
NC,10000,0.9,4,AdaBoostClassifier,1233,2110.0,3798,0.2109751802066129,0.05919565681627455,0.08821770772288305,2.180553524009285,8.15503913434095,2155
NC,10000,0.9,4,RandomForest,1242,2119.0,3251,0.2118304037391365,0.051878991868000185,0.0419678003424288,4.835620308716317,17.992171280089337,2165
NC,10000,0.9,4,LogisticRegression,1245,2122.0,3821,0.21211372154266597,0.05987309894848879,0.08904221725930937,2.1700565353272636,8.06057125876498,2161
TC,500,0.9,1,real,57,102.0,196,0.20313258251389335,0.058785780308480244,0.10825330673673328,1.6733235612927426,6.564269544587623,115
TC,500,0.9,1,KNN,48,95.0,166,0.18814669425263716,0.046036599072179864,0.06964054678567769,2.5135364906324553,10.84591423392246,105
TC,500,0.9,1,MLP,48,94.0,183,0.18648965029453327,0.05084976463144986,0.10593396230428104,1.5739434179852811,6.865899841418485,110
TC,500,0.9,1,AdaBoostClassifier,46,92.0,168,0.18358631431245953,0.0455171454772877,0.07881654076414793,2.1457003117236306,9.541991767942978,108
TC,500,0.9,1,RandomForest,52,98.0,168,0.19408506396099373,0.04796694894719599,0.06583682920503274,2.753885947158404,11.435180903034883,105
TC,500,0.9,1,LogisticRegression,47,93.0,172,0.18575495393213848,0.04726747556098587,0.08438061715968383,2.015638685801402,8.83542419641925,104
TC,500,0.9,2,real,61,106.0,206,0.21122344651379177,0.06454430974613101,0.11961582380339114,1.5546252513414718,5.805472670516001,117
TC,500,0.9,2,KNN,47,94.0,146,0.1861388619863008,0.040527217225055125,0.038811111305701695,4.6098810334317335,20.15593618636767,110
TC,500,0.9,2,MLP,50,96.0,172,0.19018557219256205,0.048250759325338295,0.07843525540458175,2.234560432796395,9.514808391743514,102
TC,500,0.9,2,AdaBoostClassifier,54,100.0,179,0.19862579134073322,0.05221742281353307,0.0801968349088121,2.278102767236593,9.191217264371275,105
TC,500,0.9,2,RandomForest,49,95.0,180,0.18925486886488913,0.05027459661817675,0.09422204265901671,1.8193501615926686,7.79387761164648,109
TC,500,0.9,2,LogisticRegression,51,95.0,162,0.19191265879555214,0.04593888899693261,0.05873285889940322,3.0756391415023647,12.950605089393758,105
TC,500,0.9,3,real,42,87.0,179,0.17596754863554057,0.04736287555818992,0.11308938936241136,1.38003650821955,6.462526049045259,119
TC,500,0.9,3,KNN,33,81.0,126,0.16030062595993738,0.03003412616203096,0.032226565882615354,4.8138758514167606,25.216423921834934,97
TC,500,0.9,3,MLP,28,75.0,135,0.15182449292721292,0.030315696595732192,0.056416903321242315,2.5392926012215056,14.18589153917558,102
TC,500,0.9,3,AdaBoostClassifier,25,73.0,153,0.1454822787418538,0.03403976695816284,0.10356310352931342,1.2592871211436094,7.3966614350615565,97
TC,500,0.9,3,RandomForest,30,78.0,147,0.1547564074566723,0.03383090506605696,0.0755415983578771,1.8938685994343263,10.343870894275037,98
TC,500,0.9,3,LogisticRegression,28,76.0,135,0.15134264598976693,0.030053417307023343,0.055659680600560445,2.5677287600387397,14.39859783778099,99
TC,500,0.9,4,real,57,102.0,195,0.20286972456948,0.05846759972363848,0.10705020875510915,1.6922197566017196,6.649191265656314,113
TC,500,0.9,4,KNN,76,119.0,185,0.23698796445885223,0.06531705456329656,0.05062229234233015,4.444506165760308,14.3096367963474,133
TC,500,0.9,4,MLP,67,112.0,206,0.22225893631500185,0.06741157435812072,0.10420311145294497,1.9106806008637156,6.685961822348093,122
TC,500,0.9,4,AdaBoostClassifier,67,110.0,199,0.2218417003983789,0.06486121412391187,0.09064275599074606,2.225587197524033,7.806734018548571,126
TC,500,0.9,4,RandomForest,73,117.0,231,0.23224067406855028,0.07926648313284827,0.14206421853101717,1.4025177223100795,4.636552427374853,129
TC,500,0.9,4,LogisticRegression,68,112.0,195,0.22378345695368904,0.06408734947532663,0.08064454410838288,2.551152646013614,8.848942252607698,124
TC,1000,0.9,1,real,107,198.0,392,0.19708847878190217,0.057613064506213035,0.11860875388084273,1.4645804312486994,5.966500473661782,222
TC,1000,0.9,1,KNN,98,189.0,313,0.1883045512726575,0.04358469511125734,0.05316523746827238,3.353569053342458,14.455713997387333,206
TC,1000,0.9,1,MLP,88,180.0,373,0.1793858842587273,0.05051399385103563,0.12455079986997311,1.2608769196673753,5.767975573002015,208
TC,1000,0.9,1,AdaBoostClassifier,95,185.0,389,0.185923804113401,0.05469147869324611,0.1329567293060617,1.212454488461812,5.30878949233765,214
TC,1000,0.9,1,RandomForest,94,186.0,345,0.18541582924400288,0.047355144652766336,0.08591359827963475,1.9727504326378076,8.666850515574872,209
TC,1000,0.9,1,LogisticRegression,88,180.0,355,0.17939903355891004,0.04752844934196725,0.1042314572610967,1.5417611444997603,7.052271465972429,205
TC,1000,0.9,2,real,135,222.0,416,0.2215496241984222,0.06800160413075003,0.10968791097836461,1.7982684416903456,6.318506516283327,222
TC,1000,0.9,2,KNN,93,183.0,265,0.18394599405812784,0.037351348122006,0.023417644032165976,7.671071094989707,34.03177290701243,191
TC,1000,0.9,2,MLP,97,188.0,316,0.18782837782508588,0.04384752837280038,0.056165793884446286,3.156349009062387,13.648081959319688,195
TC,1000,0.9,2,AdaBoostClassifier,101,192.0,352,0.1914367583325555,0.04978704669709608,0.08488353515704354,2.063850535920194,8.716997164990165,194
TC,1000,0.9,2,RandomForest,98,188.0,328,0.18892067741396942,0.04577018147059531,0.06577812311875196,2.6831691368714994,11.519453750295085,190
TC,1000,0.9,2,LogisticRegression,97,188.0,318,0.18753641488514255,0.04402999750958179,0.05814985667910961,3.037517361590108,13.159429580486378,191
TC,1000,0.9,3,real,119,208.0,400,0.20735541400628882,0.06145945759755142,0.11233442311669163,1.6385205727348562,6.263470217400882,223
TC,1000,0.9,3,KNN,152,238.0,378,0.2370626510127871,0.06672439820292322,0.058196769827119854,3.836404857871485,12.346679409015046,238
TC,1000,0.9,3,MLP,140,227.0,402,0.2266708712292028,0.06714720348957154,0.08995044110744686,2.2932819876838586,7.823950876193798,244
TC,1000,0.9,3,AdaBoostClassifier,142,229.0,403,0.22862963600754982,0.06794832066152318,0.08889190759990379,2.343366422808108,7.906251534553428,242
TC,1000,0.9,3,RandomForest,160,245.0,457,0.2447974371104382,0.08227307650997384,0.1208800325274004,1.7803297240477438,5.492335157750048,245
TC,1000,0.9,3,LogisticRegression,139,226.0,396,0.225508899844168,0.06585627683792242,0.08589530331481307,2.3998837717162678,8.242196311928364,249
TC,1000,0.9,4,real,124,213.0,398,0.21225916164669392,0.06233972993989834,0.1033806197946559,1.8409221992893487,6.832070688413318,225
TC,1000,0.9,4,KNN,101,192.0,333,0.19143309534249553,0.04705537358734696,0.06724582521727529,2.6553324060673966,11.21547922824507,211
TC,1000,0.9,4,MLP,112,201.0,363,0.20082845902294216,0.0538485752837099,0.08421688119310033,2.183829535642801,8.69027439498254,211
TC,1000,0.9,4,AdaBoostClassifier,115,205.0,394,0.20408069100726556,0.05958448188387343,0.11041900399871864,1.6441581406565215,6.4122539241688825,213
TC,1000,0.9,4,RandomForest,110,200.0,396,0.19906929528670733,0.058797978794315725,0.1202289826153782,1.456682012667614,5.860780035556457,216
TC,1000,0.9,4,LogisticRegression,110,200.0,356,0.199311330025688,0.052305997868339206,0.0788350235542691,2.3288965785760376,9.355820884742936,212
TC,5000,0.9,1,real,620,1059.0,2032,0.21175292774494897,0.0638148280295617,0.11368470119058753,1.6508805271531577,6.145377804243104,1077
TC,5000,0.9,1,KNN,648,1085.0,1691,0.2168003644380754,0.0549887926089603,0.04703468926603534,4.392571310405197,15.86833240990745,1116
TC,5000,0.9,1,MLP,660,1095.0,2076,0.2189276067871652,0.06725214927060776,0.11300025294193497,1.7184805059184531,6.1310572071860365,1129
TC,5000,0.9,1,AdaBoostClassifier,673,1107.0,2112,0.22120990943774171,0.06915947634826881,0.11740255339229366,1.6629902467695201,5.854712061276195,1130
TC,5000,0.9,1,RandomForest,662,1097.0,1867,0.21932315419793916,0.0605681744255496,0.07280394496567731,2.793194289758353,9.942325131221374,1127
TC,5000,0.9,1,LogisticRegression,671,1105.0,2059,0.22086091143341174,0.06720454354880498,0.10707144783935008,1.8418823865417897,6.497675639239269,1133
TC,5000,0.9,2,real,588,1030.0,1996,0.20588451216790063,0.06104156660366184,0.11408918351972064,1.5987082274804159,6.16636457915552,1086
TC,5000,0.9,2,KNN,596,1037.0,1607,0.20732364123549898,0.05006620256863978,0.04310019892013802,4.602947457955954,17.59880160712232,1085
TC,5000,0.9,2,MLP,596,1037.0,1998,0.20728972463278353,0.06146864290668257,0.11258236830823151,1.633937528403038,6.248448008754688,1096
TC,5000,0.9,2,AdaBoostClassifier,577,1020.0,2004,0.20395920183542393,0.06084328171035978,0.118526385641026,1.516832340008378,5.920107625651607,1068
TC,5000,0.9,2,RandomForest,566,1010.0,1721,0.20188153054990093,0.051438097399251155,0.06629585694830288,2.8432790547839084,11.240619789449966,1068
TC,5000,0.9,2,LogisticRegression,576,1020.0,1955,0.20382564169155845,0.05916420332357408,0.1085730203166593,1.673488271237093,6.536903012743439,1073
TC,5000,0.9,3,real,595,1037.0,2002,0.20720350226695577,0.06160976566244246,0.11369361619826629,1.6152691156321979,6.180299478616184,1087
TC,5000,0.9,3,KNN,626,1065.0,1671,0.21283404535271547,0.053265766607826066,0.04755664050932298,4.262546113394801,15.765011537654177,1077
TC,5000,0.9,3,MLP,589,1031.0,2014,0.2060393811305638,0.06171112483910859,0.1177286707872976,1.5440812972140745,5.950026325955451,1080
TC,5000,0.9,3,AdaBoostClassifier,574,1017.0,2021,0.20332244468083907,0.06129455580026535,0.12318953059783741,1.4471623309306707,5.6704106084823716,1070
TC,5000,0.9,3,RandomForest,609,1049.0,1783,0.20970697109421582,0.05533405142909954,0.06852736755565922,2.8504860375440706,10.742223936143175,1065
TC,5000,0.9,3,LogisticRegression,577,1020.0,1972,0.2038658632088607,0.05973334328008395,0.11196266844451987,1.6169719748795646,6.3145764947384455,1071
TC,5000,0.9,4,real,605,1045.0,1994,0.20897660575168622,0.06177764821581211,0.10953319260471142,1.6989072126744815,6.430745417910727,1075
TC,5000,0.9,4,KNN,656,1092.0,1647,0.2182265362011689,0.05439677394686862,0.039705775694088,5.277863954018358,18.90738888437148,1119
TC,5000,0.9,4,MLP,636,1073.0,2022,0.21456465973154368,0.0642144638141808,0.10785516014793431,1.7748131261095248,6.496880491779489,1115
TC,5000,0.9,4,AdaBoostClassifier,668,1102.0,2100,0.2203045859824561,0.06847724635503558,0.11610339731773027,1.6771815434102246,5.935830849873886,1120
TC,5000,0.9,4,RandomForest,668,1102.0,1856,0.220376147317767,0.060565977535443065,0.06984631997439875,2.9347814529199105,10.382365110657625,1124
TC,5000,0.9,4,LogisticRegression,651,1087.0,2025,0.21727367254771854,0.06505447917353047,0.10493954632402676,1.8531914681803767,6.67610454108817,1130
TC,10000,0.9,1,real,1252,2128.0,4021,0.21274647100480906,0.06333145223353526,0.1078923310348082,1.7590940567484743,6.509405292638834,2136
TC,10000,0.9,1,KNN,1215,2093.0,3188,0.20939109331135602,0.050403161798204706,0.03961746875833443,5.075931262528075,19.165459248813654,2103
TC,10000,0.9,1,MLP,1255,2131.0,4019,0.21302131316959477,0.06337944124315026,0.10737899181813484,1.7708054066158911,6.542003207695513,2143
TC,10000,0.9,1,AdaBoostClassifier,1225,2103.0,4022,0.21028387836782092,0.06270363820789766,0.11130808234825107,1.678921954269148,6.30515160897208,2120
TC,10000,0.9,1,RandomForest,1234,2112.0,3546,0.21110621218983483,0.05546917550572985,0.06546966400691219,3.013382799508002,11.260866964389082,2108
TC,10000,0.9,1,LogisticRegression,1215,2094.0,3924,0.20935082807832375,0.06080922995489172,0.10259271943461913,1.8312503883325781,6.916029979230792,2107
TC,10000,0.9,2,real,1174,2058.0,3963,0.2057111704990329,0.060525123844175514,0.1114363362338452,1.6402860817513203,6.333447565607075,2133
TC,10000,0.9,2,KNN,1282,2153.0,3293,0.21539090700083677,0.05348721225185291,0.041976730669512005,4.915806867693282,17.906915484676745,2207
TC,10000,0.9,2,MLP,1267,2141.0,4034,0.21407386015438323,0.06391021353823502,0.10747696746400863,1.7777376433189445,6.526581445651213,2225
TC,10000,0.9,2,AdaBoostClassifier,1257,2132.0,4038,0.21317467760034883,0.06374547968146443,0.10911525556663841,1.7404905224566671,6.424130820424982,2207
TC,10000,0.9,2,RandomForest,1263,2138.0,3400,0.2137524670078325,0.054297351491548275,0.051214530482154706,3.959915923492912,14.565792710084079,2204
TC,10000,0.9,2,LogisticRegression,1256,2130.0,3993,0.21309519614937078,0.06295218866811668,0.10461615391310579,1.8238292000994305,6.734924038244625,2222
TC,10000,0.9,3,real,1222,2101.0,4034,0.21000966962417164,0.06285037208044218,0.11299383387567528,1.6485844001118646,6.201456046345406,2155
TC,10000,0.9,3,KNN,1163,2046.0,3118,0.20469253911198296,0.04818620568598392,0.0386205221997962,5.0954051149451445,19.797564297189762,2101
TC,10000,0.9,3,MLP,1059,1953.0,3729,0.1953924872188205,0.054119078127737426,0.10139572419873166,1.7316363770502508,7.130712434030177,1999
TC,10000,0.9,3,AdaBoostClassifier,1176,2059.0,3847,0.20587943678162993,0.05863755214527717,0.09939997604174167,1.8653427603557267,7.195021837519664,2104
TC,10000,0.9,3,RandomForest,1181,2064.0,3322,0.20633421346841835,0.05110864592291519,0.052117837840744155,3.7526599048039664,14.434628774662897,2096
TC,10000,0.9,3,LogisticRegression,1182,2065.0,3866,0.2064625128419139,0.05909445050789785,0.1005133613313451,1.847617761636045,7.101308299084103,2105
TC,10000,0.9,4,real,1258,2133.0,4018,0.21326761255204504,0.06342578681144831,0.10693900917738226,1.7810244067124799,6.570100198727584,2150
TC,10000,0.9,4,KNN,1363,2227.0,3489,0.2226794464784666,0.05822079806237293,0.049884436023310656,4.241226818281104,14.805105860166075,2256
TC,10000,0.9,4,MLP,1503,2352.0,4438,0.2352931400040295,0.07708789680951858,0.12074140764585595,1.7134429613186701,5.568719881548614,2367
TC,10000,0.9,4,AdaBoostClassifier,1368,2232.0,4262,0.22314131156280292,0.07037452276630655,0.11873415007551551,1.6561942580343643,5.765982507150673,2245
TC,10000,0.9,4,RandomForest,1353,2218.0,3608,0.22178862891543713,0.05952930949722294,0.05990270827708717,3.4806921986547397,12.213043840363392,2230
TC,10000,0.9,4,LogisticRegression,1378,2242.0,4232,0.22410701510965778,0.07011651519031459,0.11440194845506016,1.7348370250582623,6.006272838055862,2251
5NL,500,0.9,1,real,40,87.0,152,0.17239072186431925,0.03856229543948769,0.061986405757689975,2.6087145827129756,12.52385493436926,106
5NL,500,0.9,1,KNN,38,85.0,118,0.1693820165225844,0.030960231649199383,0.01613430882802504,10.328868533161407,50.650854965313826,97
5NL,500,0.9,1,MLP,33,80.0,123,0.15941101834382018,0.02937253943293845,0.02955740237407321,5.233857859832412,27.598614538931812,99
5NL,500,0.9,1,AdaBoostClassifier,41,88.0,125,0.17475012089448744,0.033444337593435194,0.02015589852097216,8.495174502550693,40.11809374046525,97
5NL,500,0.9,1,RandomForest,34,82.0,156,0.16254810591316052,0.03776541181889398,0.08333093471266698,1.7880853110002666,9.212260100317819,95
5NL,500,0.9,1,LogisticRegression,36,83.0,130,0.16545146596596044,0.03210414156840389,0.03425584595641066,4.664423883674423,23.527673759234887,96
5NL,500,0.9,2,real,52,98.0,159,0.1944850555209049,0.04578597792874962,0.050820309365859254,3.6324309539969937,15.044741666124704,101
5NL,500,0.9,2,KNN,73,116.0,145,0.23156158394448798,0.05521774465797097,0.008974767722997204,25.5698397549499,84.85365674820429,126
5NL,500,0.9,2,MLP,65,109.0,156,0.21743892062877024,0.05202745755059377,0.02790194318074575,7.575528014338708,27.26426972025307,117
5NL,500,0.9,2,AdaBoostClassifier,71,115.0,171,0.22935379897905148,0.0593007280573106,0.03789272380168982,5.823359650142392,19.566931141130972,125
5NL,500,0.9,2,RandomForest,71,115.0,174,0.2281848143614009,0.05963001093108469,0.042935790896465875,5.086374661474372,17.20421761878363,119
5NL,500,0.9,2,LogisticRegression,67,110.0,165,0.22191254173918826,0.05544584181637655,0.03591104558072804,5.95759401805106,20.888991449698683,121
5NL,500,0.9,3,real,41,88.0,152,0.17448825482802888,0.03894282050197445,0.05898740165211441,2.783571431468369,13.169201058793623,105
5NL,500,0.9,3,KNN,33,80.0,128,0.1595688584005875,0.03028833072673233,0.03598710871875877,4.2744872267307565,22.51324109051348,86
5NL,500,0.9,3,MLP,20,69.0,112,0.137544665967749,0.022712099396965654,0.0319791620462859,4.163526943371925,26.106835880789113,86
5NL,500,0.9,3,AdaBoostClassifier,27,75.0,139,0.14948211859972857,0.030773409372533315,0.06629455902026662,2.105335181776588,11.978858978023075,83
5NL,500,0.9,3,RandomForest,27,76.0,148,0.1502517084657392,0.033253812321922496,0.08363533739768635,1.646258153760964,9.310410296621393,88
5NL,500,0.9,3,LogisticRegression,25,73.0,129,0.14541854297834564,0.02768896602259097,0.05264592095845648,2.616781079149535,15.378042865313546,84
5NL,500,0.9,4,real,40,87.0,157,0.1737003090960929,0.04021547921581811,0.06997691061978116,2.308551444484071,10.981876514439266,111
5NL,500,0.9,4,KNN,39,86.0,142,0.17141265430887045,0.03591035103808491,0.04596237841793286,3.5579995347261075,17.198925028817282,109
5NL,500,0.9,4,MLP,43,90.0,167,0.1784182385067663,0.04412604484642006,0.0838623508752925,1.9490947236135117,8.975207297051876,108
5NL,500,0.9,4,AdaBoostClassifier,31,79.0,144,0.1562138883529267,0.03320151458542987,0.06675261067573117,2.1839775554212633,11.79670993945096,111
5NL,500,0.9,4,RandomForest,32,80.0,164,0.1584406419571741,0.03933699324937884,0.10674857203350417,1.3258006826709137,7.042006126830383,105
5NL,500,0.9,4,LogisticRegression,46,92.0,170,0.18315248813381405,0.04601176198507703,0.0833308171304275,2.0147437337061835,8.985618610453034,111
5NL,1000,0.9,1,real,94,186.0,315,0.18549116266846943,0.043156178168741725,0.057909478588709935,3.017631489123467,13.250698745764202,202
5NL,1000,0.9,1,KNN,104,195.0,289,0.19406906151770933,0.04251585494893611,0.031028516910442807,6.060469692331086,25.167947891605866,209
5NL,1000,0.9,1,MLP,101,192.0,325,0.191010861504712,0.045817888433237385,0.060396027832785894,2.9716286093152737,12.585751666894739,208
5NL,1000,0.9,1,AdaBoostClassifier,104,195.0,323,0.19400967238790245,0.0463763648159032,0.05587143530469631,3.2784207623995267,13.619812825953348,220
5NL,1000,0.9,1,RandomForest,100,191.0,340,0.19029441733624514,0.04774767985921675,0.07486715349553301,2.351466668150059,10.005525728517801,218
5NL,1000,0.9,1,LogisticRegression,102,193.0,325,0.19232710963349736,0.046200733885374705,0.05929684176597583,3.0511358456542013,12.813168731420157,215
5NL,1000,0.9,2,real,90,182.0,317,0.18144856236368978,0.04249358827175056,0.06443365544335929,2.6346040286988766,11.885235612853895,201
5NL,1000,0.9,2,KNN,97,188.0,305,0.1877417320289243,0.0424919073972638,0.04750949332901367,3.763926005799887,16.284498844256515,206
5NL,1000,0.9,2,MLP,89,181.0,309,0.18064460549349767,0.04128765980469597,0.05847619511870659,2.9085544288498766,13.192421412174005,199
5NL,1000,0.9,2,AdaBoostClassifier,103,194.0,338,0.19329201938555599,0.0481568280040888,0.06922983638377542,2.598741437317137,10.84589764078934,200
5NL,1000,0.9,2,RandomForest,97,188.0,330,0.18748828455517638,0.04566584101268914,0.06901818773924617,2.529017185896134,10.95991729291176,200
5NL,1000,0.9,2,LogisticRegression,90,182.0,309,0.18113856663828365,0.041336628454435524,0.05747723561032524,2.9703450549180426,13.427847279515651,199
5NL,1000,0.9,3,real,96,187.0,314,0.1867709487037889,0.0434305438283944,0.05627291970961031,3.1322490998614723,13.638287868193155,197
5NL,1000,0.9,3,KNN,96,188.0,293,0.1871558586965895,0.0410439327896702,0.03954956260353851,4.545029439328705,19.739700256026506,196
5NL,1000,0.9,3,MLP,93,183.0,310,0.18397006321509438,0.042128636339626574,0.055178336839946045,3.1501293995636823,13.972924995871733,197
5NL,1000,0.9,3,AdaBoostClassifier,91,183.0,325,0.1823897468695734,0.04373262940272198,0.07018741982022109,2.416220478962169,10.831346999104587,197
5NL,1000,0.9,3,RandomForest,88,181.0,316,0.18008113576736007,0.042014417602837834,0.06491755829232104,2.593916231115152,11.810236763934999,202
5NL,1000,0.9,3,LogisticRegression,95,187.0,315,0.18624236479043052,0.04335493342421274,0.05719804302590466,3.0698544334114826,13.413261196035945,201
5NL,1000,0.9,4,real,100,191.0,327,0.1907173541152902,0.04610198101399405,0.06303358998568497,2.834929037848664,12.029628259730321,198
5NL,1000,0.9,4,KNN,103,193.0,261,0.19270902630168002,0.0396746304304781,0.016313073124075962,11.62045608605619,48.68007217088706,212
5NL,1000,0.9,4,MLP,108,198.0,331,0.19726713690029565,0.04827492419545974,0.0591123118172202,3.139891076608986,12.777058527596589,214
5NL,1000,0.9,4,AdaBoostClassifier,108,199.0,342,0.19806440735137948,0.05001742679441916,0.06791906236030326,2.7181184795609186,11.005288547101323,209
5NL,1000,0.9,4,RandomForest,114,204.0,336,0.20339510327085175,0.05056872137428077,0.05677594786306918,3.379021589875224,13.23407053166496,215
5NL,1000,0.9,4,LogisticRegression,108,197.0,329,0.197958475240931,0.048159986895364826,0.05651179149829742,3.3050002877437277,13.390421738120164,214
