seed,alpha,method,VaR,lb_bound,ub_bound,CVaR_beta,CVaR_lb_bound,CVaR_ub_bound,a,b,pi,rho,mom1_pi,mom2_rho
0,0.9,LR,2736.0,1092.0,6000,3223.0,1582.0,6000,2.4212993845022144,6.756253758741586,0.26382842427719333,0.09825544371279785,<function <lambda> at 0x7f5051fa9d80>,<function <lambda> at 0x7f50349141f0>
0,0.95,LR,3115.0,1350.0,6000,3535.0,1582.0,6000,2.4212993845022144,6.756253758741586,0.26382842427719333,0.09825544371279785,<function <lambda> at 0x7f5051fa9d80>,<function <lambda> at 0x7f50349141f0>
0,0.99,LR,3801.0,1538.0,6000,4115.0,1583.0,6000,2.4212993845022144,6.756253758741586,0.26382842427719333,0.09825544371279785,<function <lambda> at 0x7f5051fa9d80>,<function <lambda> at 0x7f50349141f0>
0,0.9,MLP,3087.0,738.0,6000,3894.0,1265.0,6000,0.6625727469852792,2.4812211585168886,0.21075578326736544,0.24132474317127373,<function <lambda> at 0x7f5051fa9d80>,<function <lambda> at 0x7f50349141f0>
0,0.95,MLP,3760.0,1015.0,6000,4388.0,1265.0,6000,0.6625727469852792,2.4812211585168886,0.21075578326736544,0.24132474317127373,<function <lambda> at 0x7f5051fa9d80>,<function <lambda> at 0x7f50349141f0>
0,0.99,MLP,4803.0,1216.0,6000,5153.0,1265.0,6000,0.6625727469852792,2.4812211585168886,0.21075578326736544,0.24132474317127373,<function <lambda> at 0x7f5051fa9d80>,<function <lambda> at 0x7f50349141f0>
0,0.9,RF,2938.0,805.0,6000,3653.0,1325.0,6000,0.9232109067481069,3.258195891393445,0.2207895455563981,0.19299777820160277,<function <lambda> at 0x7f5051fa9d80>,<function <lambda> at 0x7f50349141f0>
0,0.95,RF,3518.0,1078.0,6000,4100.0,1325.0,6000,0.9232109067481069,3.258195891393445,0.2207895455563981,0.19299777820160277,<function <lambda> at 0x7f5051fa9d80>,<function <lambda> at 0x7f50349141f0>
0,0.99,RF,4480.0,1277.0,6000,4842.0,1325.0,6000,0.9232109067481069,3.258195891393445,0.2207895455563981,0.19299777820160277,<function <lambda> at 0x7f5051fa9d80>,<function <lambda> at 0x7f50349141f0>
0,0.9,AB,3017.0,801.0,6000,3763.0,1320.0,6000,0.8290526760461221,2.936701654094709,0.22015580501639292,0.2098303711703178,<function <lambda> at 0x7f5051fa9d80>,<function <lambda> at 0x7f50349141f0>
0,0.95,AB,3628.0,1074.0,6000,4225.0,1321.0,6000,0.8290526760461221,2.936701654094709,0.22015580501639292,0.2098303711703178,<function <lambda> at 0x7f5051fa9d80>,<function <lambda> at 0x7f50349141f0>
0,0.99,AB,4616.0,1273.0,6000,4972.0,1321.0,6000,0.8290526760461221,2.936701654094709,0.22015580501639292,0.2098303711703178,<function <lambda> at 0x7f5051fa9d80>,<function <lambda> at 0x7f50349141f0>
0,0.9,KNN,3420.0,784.0,6000,4286.0,1307.0,6000,0.5138785841921143,1.8467756965843678,0.21768481237459553,0.2975611046099479,<function <lambda> at 0x7f5051fa9d80>,<function <lambda> at 0x7f50349141f0>
0,0.95,KNN,4173.0,1059.0,6000,4798.0,1307.0,6000,0.5138785841921143,1.8467756965843678,0.21768481237459553,0.2975611046099479,<function <lambda> at 0x7f5051fa9d80>,<function <lambda> at 0x7f50349141f0>
0,0.99,KNN,5208.0,1258.0,6000,5495.0,1307.0,6000,0.5138785841921143,1.8467756965843678,0.21768481237459553,0.2975611046099479,<function <lambda> at 0x7f5051fa9d80>,<function <lambda> at 0x7f50349141f0>
1,0.9,LR,2746.0,1117.0,6000,3224.0,1606.0,6000,2.5323779628099725,6.929793726128278,0.2676317917344967,0.09558244977544281,<function <lambda> at 0x7f5051fa9d80>,<function <lambda> at 0x7f50349141f0>
1,0.95,LR,3118.0,1374.0,6000,3534.0,1606.0,6000,2.5323779628099725,6.929793726128278,0.2676317917344967,0.09558244977544281,<function <lambda> at 0x7f5051fa9d80>,<function <lambda> at 0x7f50349141f0>
1,0.99,LR,3793.0,1561.0,6000,4105.0,1606.0,6000,2.5323779628099725,6.929793726128278,0.2676317917344967,0.09558244977544281,<function <lambda> at 0x7f5051fa9d80>,<function <lambda> at 0x7f50349141f0>
1,0.9,MLP,3438.0,827.0,6000,4281.0,1344.0,6000,0.5526352745756331,1.9127759475361261,0.2241554145690433,0.28856604192290286,<function <lambda> at 0x7f5051fa9d80>,<function <lambda> at 0x7f50349141f0>
1,0.95,MLP,4169.0,1099.0,6000,4782.0,1345.0,6000,0.5526352745756331,1.9127759475361261,0.2241554145690433,0.28856604192290286,<function <lambda> at 0x7f5051fa9d80>,<function <lambda> at 0x7f50349141f0>
1,0.99,MLP,5186.0,1297.0,6000,5466.0,1345.0,6000,0.5526352745756331,1.9127759475361261,0.2241554145690433,0.28856604192290286,<function <lambda> at 0x7f5051fa9d80>,<function <lambda> at 0x7f50349141f0>
1,0.9,RF,2959.0,818.0,6000,3676.0,1337.0,6000,0.9259533075790785,3.2307301945925,0.22276252379940215,0.19392309021464685,<function <lambda> at 0x7f5051fa9d80>,<function <lambda> at 0x7f50349141f0>
1,0.95,RF,3540.0,1091.0,6000,4122.0,1337.0,6000,0.9259533075790785,3.2307301945925,0.22276252379940215,0.19392309021464685,<function <lambda> at 0x7f5051fa9d80>,<function <lambda> at 0x7f50349141f0>
1,0.99,RF,4500.0,1289.0,6000,4860.0,1337.0,6000,0.9259533075790785,3.2307301945925,0.22276252379940215,0.19392309021464685,<function <lambda> at 0x7f5051fa9d80>,<function <lambda> at 0x7f50349141f0>
1,0.9,AB,3036.0,815.0,6000,3780.0,1335.0,6000,0.8370605844195895,2.9276242362152805,0.2223454616523327,0.20987747094397632,<function <lambda> at 0x7f5051fa9d80>,<function <lambda> at 0x7f50349141f0>
1,0.95,AB,3646.0,1088.0,6000,4239.0,1335.0,6000,0.8370605844195895,2.9276242362152805,0.2223454616523327,0.20987747094397632,<function <lambda> at 0x7f5051fa9d80>,<function <lambda> at 0x7f50349141f0>
1,0.99,AB,4629.0,1286.0,6000,4987.0,1335.0,6000,0.8370605844195895,2.9276242362152805,0.2223454616523327,0.20987747094397632,<function <lambda> at 0x7f5051fa9d80>,<function <lambda> at 0x7f50349141f0>
1,0.9,KNN,3474.0,814.0,6000,4331.0,1334.0,6000,0.5193266721735164,1.8173754947871688,0.22224769571254221,0.2996971110882437,<function <lambda> at 0x7f5051fa9d80>,<function <lambda> at 0x7f50349141f0>
1,0.95,KNN,4223.0,1087.0,6000,4836.0,1334.0,6000,0.5193266721735164,1.8173754947871688,0.22224769571254221,0.2996971110882437,<function <lambda> at 0x7f5051fa9d80>,<function <lambda> at 0x7f50349141f0>
1,0.99,KNN,5241.0,1286.0,6000,5519.0,1334.0,6000,0.5193266721735164,1.8173754947871688,0.22224769571254221,0.2996971110882437,<function <lambda> at 0x7f5051fa9d80>,<function <lambda> at 0x7f50349141f0>
2,0.9,LR,2713.0,1083.0,6000,3195.0,1575.0,6000,2.4639623264027835,6.924109321067995,0.26245670239069757,0.09626425711488751,<function <lambda> at 0x7f5051fa9d80>,<function <lambda> at 0x7f50349141f0>
2,0.95,LR,3088.0,1341.0,6000,3503.0,1575.0,6000,2.4639623264027835,6.924109321067995,0.26245670239069757,0.09626425711488751,<function <lambda> at 0x7f5051fa9d80>,<function <lambda> at 0x7f50349141f0>
2,0.99,LR,3768.0,1530.0,6000,4081.0,1575.0,6000,2.4639623264027835,6.924109321067995,0.26245670239069757,0.09626425711488751,<function <lambda> at 0x7f5051fa9d80>,<function <lambda> at 0x7f50349141f0>
2,0.9,MLP,3283.0,783.0,6000,4117.0,1304.0,6000,0.5903425451207764,2.1239670996191435,0.21749270436584323,0.2692290346380158,<function <lambda> at 0x7f5051fa9d80>,<function <lambda> at 0x7f50349141f0>
2,0.95,MLP,3994.0,1057.0,6000,4622.0,1304.0,6000,0.5903425451207764,2.1239670996191435,0.21749270436584323,0.2692290346380158,<function <lambda> at 0x7f5051fa9d80>,<function <lambda> at 0x7f50349141f0>
2,0.99,MLP,5033.0,1257.0,6000,5349.0,1305.0,6000,0.5903425451207764,2.1239670996191435,0.21749270436584323,0.2692290346380158,<function <lambda> at 0x7f5051fa9d80>,<function <lambda> at 0x7f50349141f0>
2,0.9,RF,2943.0,825.0,6000,3646.0,1344.0,6000,0.962245830432426,3.3355475618613855,0.22389299405545823,0.1887578329224019,<function <lambda> at 0x7f5051fa9d80>,<function <lambda> at 0x7f50349141f0>
2,0.95,RF,3513.0,1098.0,6000,4089.0,1344.0,6000,0.962245830432426,3.3355475618613855,0.22389299405545823,0.1887578329224019,<function <lambda> at 0x7f5051fa9d80>,<function <lambda> at 0x7f50349141f0>
2,0.99,RF,4463.0,1296.0,6000,4820.0,1344.0,6000,0.962245830432426,3.3355475618613855,0.22389299405545823,0.1887578329224019,<function <lambda> at 0x7f5051fa9d80>,<function <lambda> at 0x7f50349141f0>
2,0.9,AB,3054.0,811.0,6000,3804.0,1331.0,6000,0.8114942419469062,2.849339186083108,0.22166926135822343,0.2145539023098425,<function <lambda> at 0x7f5051fa9d80>,<function <lambda> at 0x7f50349141f0>
2,0.95,AB,3672.0,1084.0,6000,4270.0,1331.0,6000,0.8114942419469062,2.849339186083108,0.22166926135822343,0.2145539023098425,<function <lambda> at 0x7f5051fa9d80>,<function <lambda> at 0x7f50349141f0>
2,0.99,AB,4663.0,1282.0,6000,5011.0,1331.0,6000,0.8114942419469062,2.849339186083108,0.22166926135822343,0.2145539023098425,<function <lambda> at 0x7f5051fa9d80>,<function <lambda> at 0x7f50349141f0>
2,0.9,KNN,3569.0,839.0,6000,4429.0,1356.0,6000,0.49763632447605594,1.7051012603439775,0.2259172077080228,0.3122328862469672,<function <lambda> at 0x7f5051fa9d80>,<function <lambda> at 0x7f50349141f0>
2,0.95,KNN,4328.0,1111.0,6000,4931.0,1356.0,6000,0.49763632447605594,1.7051012603439775,0.2259172077080228,0.3122328862469672,<function <lambda> at 0x7f5051fa9d80>,<function <lambda> at 0x7f50349141f0>
2,0.99,KNN,5326.0,1308.0,6000,5574.0,1356.0,6000,0.49763632447605594,1.7051012603439775,0.2259172077080228,0.3122328862469672,<function <lambda> at 0x7f5051fa9d80>,<function <lambda> at 0x7f50349141f0>
3,0.9,LR,2751.0,1096.0,6000,3244.0,1587.0,6000,2.3825734258003948,6.626648454348754,0.26445940143289615,0.09990786616322855,<function <lambda> at 0x7f5051fa9d80>,<function <lambda> at 0x7f50349141f0>
3,0.95,LR,3134.0,1354.0,6000,3556.0,1587.0,6000,2.3825734258003948,6.626648454348754,0.26445940143289615,0.09990786616322855,<function <lambda> at 0x7f5051fa9d80>,<function <lambda> at 0x7f50349141f0>
3,0.99,LR,3825.0,1542.0,6000,4139.0,1587.0,6000,2.3825734258003948,6.626648454348754,0.26445940143289615,0.09990786616322855,<function <lambda> at 0x7f5051fa9d80>,<function <lambda> at 0x7f50349141f0>
3,0.9,MLP,3253.0,766.0,6000,4090.0,1291.0,6000,0.5880996056727705,2.1466622783403344,0.215046000571636,0.26775468719453466,<function <lambda> at 0x7f5051fa9d80>,<function <lambda> at 0x7f50349141f0>
3,0.95,MLP,3965.0,1042.0,6000,4595.0,1291.0,6000,0.5880996056727705,2.1466622783403344,0.215046000571636,0.26775468719453466,<function <lambda> at 0x7f5051fa9d80>,<function <lambda> at 0x7f50349141f0>
3,0.99,MLP,5011.0,1242.0,6000,5328.0,1291.0,6000,0.5880996056727705,2.1466622783403344,0.215046000571636,0.26775468719453466,<function <lambda> at 0x7f5051fa9d80>,<function <lambda> at 0x7f50349141f0>
3,0.9,RF,2919.0,794.0,6000,3634.0,1316.0,6000,0.9233827519967318,3.288247574686241,0.21924591675261693,0.19187853652629777,<function <lambda> at 0x7f5051fa9d80>,<function <lambda> at 0x7f50349141f0>
3,0.95,RF,3498.0,1068.0,6000,4080.0,1316.0,6000,0.9233827519967318,3.288247574686241,0.21924591675261693,0.19187853652629777,<function <lambda> at 0x7f5051fa9d80>,<function <lambda> at 0x7f50349141f0>
3,0.99,RF,4461.0,1268.0,6000,4823.0,1316.0,6000,0.9233827519967318,3.288247574686241,0.21924591675261693,0.19187853652629777,<function <lambda> at 0x7f5051fa9d80>,<function <lambda> at 0x7f50349141f0>
3,0.9,AB,3057.0,801.0,6000,3816.0,1322.0,6000,0.7905639840597478,2.799863661197335,0.2201865800315109,0.21784462740268198,<function <lambda> at 0x7f5051fa9d80>,<function <lambda> at 0x7f50349141f0>
3,0.95,AB,3682.0,1074.0,6000,4285.0,1322.0,6000,0.7905639840597478,2.799863661197335,0.2201865800315109,0.21784462740268198,<function <lambda> at 0x7f5051fa9d80>,<function <lambda> at 0x7f50349141f0>
3,0.99,AB,4680.0,1273.0,6000,5030.0,1322.0,6000,0.7905639840597478,2.799863661197335,0.2201865800315109,0.21784462740268198,<function <lambda> at 0x7f5051fa9d80>,<function <lambda> at 0x7f50349141f0>
3,0.9,KNN,3329.0,768.0,6000,4185.0,1293.0,6000,0.5451301872480014,1.9863242380072235,0.21534268277140348,0.28316944793297966,<function <lambda> at 0x7f5051fa9d80>,<function <lambda> at 0x7f50349141f0>
3,0.95,KNN,4064.0,1044.0,6000,4698.0,1293.0,6000,0.5451301872480014,1.9863242380072235,0.21534268277140348,0.28316944793297966,<function <lambda> at 0x7f5051fa9d80>,<function <lambda> at 0x7f50349141f0>
3,0.99,KNN,5111.0,1244.0,6000,5411.0,1293.0,6000,0.5451301872480014,1.9863242380072235,0.21534268277140348,0.28316944793297966,<function <lambda> at 0x7f5051fa9d80>,<function <lambda> at 0x7f50349141f0>
4,0.9,LR,2727.0,1088.0,6000,3213.0,1580.0,6000,2.4372792779745334,6.819458311659259,0.26329786864693383,0.09749688838785082,<function <lambda> at 0x7f5051fa9d80>,<function <lambda> at 0x7f50349141f0>
4,0.95,LR,3105.0,1347.0,6000,3521.0,1580.0,6000,2.4372792779745334,6.819458311659259,0.26329786864693383,0.09749688838785082,<function <lambda> at 0x7f5051fa9d80>,<function <lambda> at 0x7f50349141f0>
4,0.99,LR,3789.0,1535.0,6000,4096.0,1580.0,6000,2.4372792779745334,6.819458311659259,0.26329786864693383,0.09749688838785082,<function <lambda> at 0x7f5051fa9d80>,<function <lambda> at 0x7f50349141f0>
4,0.9,MLP,3120.0,688.0,6000,3971.0,1220.0,6000,0.5683146439335904,2.2284326831136725,0.2032055732877389,0.2633833420718312,<function <lambda> at 0x7f5051fa9d80>,<function <lambda> at 0x7f50349141f0>
4,0.95,MLP,3838.0,967.0,6000,4488.0,1220.0,6000,0.5683146439335904,2.2284326831136725,0.2032055732877389,0.2633833420718312,<function <lambda> at 0x7f5051fa9d80>,<function <lambda> at 0x7f50349141f0>
4,0.99,MLP,4917.0,1170.0,6000,5259.0,1220.0,6000,0.5683146439335904,2.2284326831136725,0.2032055732877389,0.2633833420718312,<function <lambda> at 0x7f5051fa9d80>,<function <lambda> at 0x7f50349141f0>
4,0.9,RF,2883.0,784.0,6000,3590.0,1307.0,6000,0.9444785567974538,3.393823271077637,0.21770697251372698,0.18732548893700335,<function <lambda> at 0x7f5051fa9d80>,<function <lambda> at 0x7f50349141f0>
4,0.95,RF,3454.0,1059.0,6000,4034.0,1307.0,6000,0.9444785567974538,3.393823271077637,0.21770697251372698,0.18732548893700335,<function <lambda> at 0x7f5051fa9d80>,<function <lambda> at 0x7f50349141f0>
4,0.99,RF,4412.0,1258.0,6000,4774.0,1307.0,6000,0.9444785567974538,3.393823271077637,0.21770697251372698,0.18732548893700335,<function <lambda> at 0x7f5051fa9d80>,<function <lambda> at 0x7f50349141f0>
4,0.9,AB,2967.0,769.0,6000,3715.0,1293.0,6000,0.8200507264889062,2.9861714321448307,0.21545004266993908,0.2080636239845121,<function <lambda> at 0x7f5051fa9d80>,<function <lambda> at 0x7f50349141f0>
4,0.95,AB,3578.0,1044.0,6000,4180.0,1293.0,6000,0.8200507264889062,2.9861714321448307,0.21545004266993908,0.2080636239845121,<function <lambda> at 0x7f5051fa9d80>,<function <lambda> at 0x7f50349141f0>
4,0.99,AB,4573.0,1245.0,6000,4936.0,1293.0,6000,0.8200507264889062,2.9861714321448307,0.21545004266993908,0.2080636239845121,<function <lambda> at 0x7f5051fa9d80>,<function <lambda> at 0x7f50349141f0>
4,0.9,KNN,3307.0,751.0,6000,4166.0,1277.0,6000,0.5369624939305668,1.9876666699110217,0.21268965027461725,0.28371779086968485,<function <lambda> at 0x7f5051fa9d80>,<function <lambda> at 0x7f50349141f0>
4,0.95,KNN,4046.0,1027.0,6000,4683.0,1277.0,6000,0.5369624939305668,1.9876666699110217,0.21268965027461725,0.28371779086968485,<function <lambda> at 0x7f5051fa9d80>,<function <lambda> at 0x7f50349141f0>
4,0.99,KNN,5101.0,1228.0,6000,5407.0,1277.0,6000,0.5369624939305668,1.9876666699110217,0.21268965027461725,0.28371779086968485,<function <lambda> at 0x7f5051fa9d80>,<function <lambda> at 0x7f50349141f0>
5,0.9,LR,2749.0,1101.0,6000,3239.0,1592.0,6000,2.422661076474846,6.709185743826525,0.2652980414749109,0.09869868916654773,<function <lambda> at 0x7f5051fa9d80>,<function <lambda> at 0x7f50349141f0>
5,0.95,LR,3129.0,1359.0,6000,3551.0,1592.0,6000,2.422661076474846,6.709185743826525,0.2652980414749109,0.09869868916654773,<function <lambda> at 0x7f5051fa9d80>,<function <lambda> at 0x7f50349141f0>
5,0.99,LR,3816.0,1547.0,6000,4128.0,1592.0,6000,2.422661076474846,6.709185743826525,0.2652980414749109,0.09869868916654773,<function <lambda> at 0x7f5051fa9d80>,<function <lambda> at 0x7f50349141f0>
5,0.9,MLP,3211.0,750.0,6000,4046.0,1276.0,6000,0.593983050454776,2.199410470421434,0.21263851513067872,0.26361620393367907,<function <lambda> at 0x7f5051fa9d80>,<function <lambda> at 0x7f50349141f0>
5,0.95,MLP,3919.0,1027.0,6000,4552.0,1276.0,6000,0.593983050454776,2.199410470421434,0.21263851513067872,0.26361620393367907,<function <lambda> at 0x7f5051fa9d80>,<function <lambda> at 0x7f50349141f0>
5,0.99,MLP,4971.0,1228.0,6000,5291.0,1276.0,6000,0.593983050454776,2.199410470421434,0.21263851513067872,0.26361620393367907,<function <lambda> at 0x7f5051fa9d80>,<function <lambda> at 0x7f50349141f0>
5,0.9,RF,2904.0,793.0,6000,3612.0,1315.0,6000,0.9388082015253396,3.34742653097881,0.21902864871258676,0.1891705629057998,<function <lambda> at 0x7f5051fa9d80>,<function <lambda> at 0x7f50349141f0>
5,0.95,RF,3477.0,1067.0,6000,4060.0,1315.0,6000,0.9388082015253396,3.34742653097881,0.21902864871258676,0.1891705629057998,<function <lambda> at 0x7f5051fa9d80>,<function <lambda> at 0x7f50349141f0>
5,0.99,RF,4436.0,1266.0,6000,4801.0,1315.0,6000,0.9388082015253396,3.34742653097881,0.21902864871258676,0.1891705629057998,<function <lambda> at 0x7f5051fa9d80>,<function <lambda> at 0x7f50349141f0>
5,0.9,AB,3074.0,814.0,6000,3832.0,1334.0,6000,0.7978059246262922,2.7929396919787597,0.22218391660409378,0.21782953870999283,<function <lambda> at 0x7f5051fa9d80>,<function <lambda> at 0x7f50349141f0>
5,0.95,AB,3698.0,1087.0,6000,4298.0,1334.0,6000,0.7978059246262922,2.7929396919787597,0.22218391660409378,0.21782953870999283,<function <lambda> at 0x7f5051fa9d80>,<function <lambda> at 0x7f50349141f0>
5,0.99,AB,4692.0,1285.0,6000,5035.0,1334.0,6000,0.7978059246262922,2.7929396919787597,0.22218391660409378,0.21782953870999283,<function <lambda> at 0x7f5051fa9d80>,<function <lambda> at 0x7f50349141f0>
5,0.9,KNN,3356.0,793.0,6000,4203.0,1315.0,6000,0.5587810341354735,1.9926011014599083,0.21901111022911443,0.2815805119863149,<function <lambda> at 0x7f5051fa9d80>,<function <lambda> at 0x7f50349141f0>
5,0.95,KNN,4084.0,1067.0,6000,4710.0,1315.0,6000,0.5587810341354735,1.9926011014599083,0.21901111022911443,0.2815805119863149,<function <lambda> at 0x7f5051fa9d80>,<function <lambda> at 0x7f50349141f0>
5,0.99,KNN,5119.0,1266.0,6000,5419.0,1315.0,6000,0.5587810341354735,1.9926011014599083,0.21901111022911443,0.2815805119863149,<function <lambda> at 0x7f5051fa9d80>,<function <lambda> at 0x7f50349141f0>
6,0.9,LR,2725.0,1087.0,6000,3209.0,1579.0,6000,2.438054812619616,6.829746056162103,0.26306724185584557,0.09739183811408007,<function <lambda> at 0x7f5051fa9d80>,<function <lambda> at 0x7f50349141f0>
6,0.95,LR,3102.0,1345.0,6000,3521.0,1579.0,6000,2.438054812619616,6.829746056162103,0.26306724185584557,0.09739183811408007,<function <lambda> at 0x7f5051fa9d80>,<function <lambda> at 0x7f50349141f0>
6,0.99,LR,3786.0,1533.0,6000,4095.0,1579.0,6000,2.438054812619616,6.829746056162103,0.26306724185584557,0.09739183811408007,<function <lambda> at 0x7f5051fa9d80>,<function <lambda> at 0x7f50349141f0>
6,0.9,MLP,3360.0,791.0,6000,4208.0,1313.0,6000,0.5549163010378033,1.9812785611539743,0.21879876397125303,0.28278984585713346,<function <lambda> at 0x7f5051fa9d80>,<function <lambda> at 0x7f50349141f0>
6,0.95,MLP,4090.0,1066.0,6000,4716.0,1313.0,6000,0.5549163010378033,1.9812785611539743,0.21879876397125303,0.28278984585713346,<function <lambda> at 0x7f5051fa9d80>,<function <lambda> at 0x7f50349141f0>
6,0.99,MLP,5126.0,1265.0,6000,5417.0,1313.0,6000,0.5549163010378033,1.9812785611539743,0.21879876397125303,0.28278984585713346,<function <lambda> at 0x7f5051fa9d80>,<function <lambda> at 0x7f50349141f0>
6,0.9,RF,2885.0,799.0,6000,3583.0,1319.0,6000,0.9763251296512199,3.4617327720905555,0.21998927262036128,0.1838891784656626,<function <lambda> at 0x7f5051fa9d80>,<function <lambda> at 0x7f50349141f0>
6,0.95,RF,3448.0,1073.0,6000,4023.0,1320.0,6000,0.9763251296512199,3.4617327720905555,0.21998927262036128,0.1838891784656626,<function <lambda> at 0x7f5051fa9d80>,<function <lambda> at 0x7f50349141f0>
6,0.99,RF,4396.0,1272.0,6000,4759.0,1320.0,6000,0.9763251296512199,3.4617327720905555,0.21998927262036128,0.1838891784656626,<function <lambda> at 0x7f5051fa9d80>,<function <lambda> at 0x7f50349141f0>
6,0.9,AB,3012.0,797.0,6000,3756.0,1319.0,6000,0.8287393401829437,2.94345911188537,0.21969664393678495,0.20954702744320933,<function <lambda> at 0x7f5051fa9d80>,<function <lambda> at 0x7f50349141f0>
6,0.95,AB,3622.0,1071.0,6000,4221.0,1319.0,6000,0.8287393401829437,2.94345911188537,0.21969664393678495,0.20954702744320933,<function <lambda> at 0x7f5051fa9d80>,<function <lambda> at 0x7f50349141f0>
6,0.99,AB,4611.0,1270.0,6000,4967.0,1319.0,6000,0.8287393401829437,2.94345911188537,0.21969664393678495,0.20954702744320933,<function <lambda> at 0x7f5051fa9d80>,<function <lambda> at 0x7f50349141f0>
6,0.9,KNN,3441.0,792.0,6000,4305.0,1314.0,6000,0.5116785075780232,1.8264621393210858,0.21883991805908767,0.29956796485760046,<function <lambda> at 0x7f5051fa9d80>,<function <lambda> at 0x7f50349141f0>
6,0.95,KNN,4195.0,1066.0,6000,4815.0,1314.0,6000,0.5116785075780232,1.8264621393210858,0.21883991805908767,0.29956796485760046,<function <lambda> at 0x7f5051fa9d80>,<function <lambda> at 0x7f50349141f0>
6,0.99,KNN,5225.0,1265.0,6000,5506.0,1314.0,6000,0.5116785075780232,1.8264621393210858,0.21883991805908767,0.29956796485760046,<function <lambda> at 0x7f5051fa9d80>,<function <lambda> at 0x7f50349141f0>
7,0.9,LR,2717.0,1081.0,6000,3201.0,1574.0,6000,2.437398392354986,6.8580222354197975,0.26221496476146783,0.09713056281568717,<function <lambda> at 0x7f5051fa9d80>,<function <lambda> at 0x7f50349141f0>
7,0.95,LR,3094.0,1340.0,6000,3510.0,1574.0,6000,2.437398392354986,6.8580222354197975,0.26221496476146783,0.09713056281568717,<function <lambda> at 0x7f5051fa9d80>,<function <lambda> at 0x7f50349141f0>
7,0.99,LR,3777.0,1528.0,6000,4090.0,1574.0,6000,2.437398392354986,6.8580222354197975,0.26221496476146783,0.09713056281568717,<function <lambda> at 0x7f5051fa9d80>,<function <lambda> at 0x7f50349141f0>
7,0.9,MLP,3250.0,837.0,6000,4046.0,1354.0,6000,0.6860240576094606,2.3553912447302388,0.2255607963442928,0.24743806938650167,<function <lambda> at 0x7f5051fa9d80>,<function <lambda> at 0x7f50349141f0>
7,0.95,MLP,3919.0,1108.0,6000,4531.0,1354.0,6000,0.6860240576094606,2.3553912447302388,0.2255607963442928,0.24743806938650167,<function <lambda> at 0x7f5051fa9d80>,<function <lambda> at 0x7f50349141f0>
7,0.99,MLP,4929.0,1306.0,6000,5248.0,1354.0,6000,0.6860240576094606,2.3553912447302388,0.2255607963442928,0.24743806938650167,<function <lambda> at 0x7f5051fa9d80>,<function <lambda> at 0x7f50349141f0>
7,0.9,RF,2857.0,792.0,6000,3551.0,1314.0,6000,0.9950942769796702,3.5507581966614374,0.21890157737182922,0.18031492989633277,<function <lambda> at 0x7f5051fa9d80>,<function <lambda> at 0x7f50349141f0>
7,0.95,RF,3414.0,1066.0,6000,3988.0,1314.0,6000,0.9950942769796702,3.5507581966614374,0.21890157737182922,0.18031492989633277,<function <lambda> at 0x7f5051fa9d80>,<function <lambda> at 0x7f50349141f0>
7,0.99,RF,4357.0,1266.0,6000,4724.0,1314.0,6000,0.9950942769796702,3.5507581966614374,0.21890157737182922,0.18031492989633277,<function <lambda> at 0x7f5051fa9d80>,<function <lambda> at 0x7f50349141f0>
7,0.9,AB,3019.0,795.0,6000,3769.0,1317.0,6000,0.8173099199077725,2.908248736177559,0.21937915769297514,0.21161519151016175,<function <lambda> at 0x7f5051fa9d80>,<function <lambda> at 0x7f50349141f0>
7,0.95,AB,3634.0,1069.0,6000,4232.0,1317.0,6000,0.8173099199077725,2.908248736177559,0.21937915769297514,0.21161519151016175,<function <lambda> at 0x7f5051fa9d80>,<function <lambda> at 0x7f50349141f0>
7,0.99,AB,4626.0,1268.0,6000,4979.0,1317.0,6000,0.8173099199077725,2.908248736177559,0.21937915769297514,0.21161519151016175,<function <lambda> at 0x7f5051fa9d80>,<function <lambda> at 0x7f50349141f0>
7,0.9,KNN,3448.0,802.0,6000,4307.0,1323.0,6000,0.5195726363620762,1.8376746201413556,0.22041499249967192,0.2978630775743037,<function <lambda> at 0x7f5051fa9d80>,<function <lambda> at 0x7f50349141f0>
7,0.95,KNN,4197.0,1076.0,6000,4815.0,1323.0,6000,0.5195726363620762,1.8376746201413556,0.22041499249967192,0.2978630775743037,<function <lambda> at 0x7f5051fa9d80>,<function <lambda> at 0x7f50349141f0>
7,0.99,KNN,5223.0,1275.0,6000,5496.0,1323.0,6000,0.5195726363620762,1.8376746201413556,0.22041499249967192,0.2978630775743037,<function <lambda> at 0x7f5051fa9d80>,<function <lambda> at 0x7f50349141f0>
8,0.9,LR,2724.0,1080.0,6000,3211.0,1573.0,6000,2.402688240974315,6.76524314667557,0.2620752860575478,0.09834842131356378,<function <lambda> at 0x7f5051fa9d80>,<function <lambda> at 0x7f50349141f0>
8,0.95,LR,3103.0,1339.0,6000,3527.0,1573.0,6000,2.402688240974315,6.76524314667557,0.2620752860575478,0.09834842131356378,<function <lambda> at 0x7f5051fa9d80>,<function <lambda> at 0x7f50349141f0>
8,0.99,LR,3791.0,1527.0,6000,4103.0,1573.0,6000,2.402688240974315,6.76524314667557,0.2620752860575478,0.09834842131356378,<function <lambda> at 0x7f5051fa9d80>,<function <lambda> at 0x7f50349141f0>
8,0.9,MLP,3135.0,797.0,6000,3921.0,1318.0,6000,0.7163281254024592,2.5449170257707503,0.21964865939157172,0.23467319164321704,<function <lambda> at 0x7f5051fa9d80>,<function <lambda> at 0x7f50349141f0>
8,0.95,MLP,3789.0,1071.0,6000,4403.0,1318.0,6000,0.7163281254024592,2.5449170257707503,0.21964865939157172,0.23467319164321704,<function <lambda> at 0x7f5051fa9d80>,<function <lambda> at 0x7f50349141f0>
8,0.99,MLP,4805.0,1270.0,6000,5145.0,1318.0,6000,0.7163281254024592,2.5449170257707503,0.21964865939157172,0.23467319164321704,<function <lambda> at 0x7f5051fa9d80>,<function <lambda> at 0x7f50349141f0>
8,0.9,RF,2973.0,814.0,6000,3694.0,1334.0,6000,0.903326838346557,3.161410638342632,0.22223497668103645,0.1974435999106707,<function <lambda> at 0x7f5051fa9d80>,<function <lambda> at 0x7f50349141f0>
8,0.95,RF,3560.0,1087.0,6000,4146.0,1334.0,6000,0.903326838346557,3.161410638342632,0.22223497668103645,0.1974435999106707,<function <lambda> at 0x7f5051fa9d80>,<function <lambda> at 0x7f50349141f0>
8,0.99,RF,4527.0,1286.0,6000,4881.0,1334.0,6000,0.903326838346557,3.161410638342632,0.22223497668103645,0.1974435999106707,<function <lambda> at 0x7f5051fa9d80>,<function <lambda> at 0x7f50349141f0>
8,0.9,AB,3026.0,797.0,6000,3779.0,1318.0,6000,0.812277087836967,2.887367024693919,0.2195554661827451,0.21278206946216463,<function <lambda> at 0x7f5051fa9d80>,<function <lambda> at 0x7f50349141f0>
8,0.95,AB,3643.0,1070.0,6000,4243.0,1318.0,6000,0.812277087836967,2.887367024693919,0.2195554661827451,0.21278206946216463,<function <lambda> at 0x7f5051fa9d80>,<function <lambda> at 0x7f50349141f0>
8,0.99,AB,4636.0,1270.0,6000,4992.0,1318.0,6000,0.812277087836967,2.887367024693919,0.2195554661827451,0.21278206946216463,<function <lambda> at 0x7f5051fa9d80>,<function <lambda> at 0x7f50349141f0>
8,0.9,KNN,3747.0,804.0,6000,4645.0,1325.0,6000,0.39371721332494,1.3899649907697924,0.22073282584817974,0.35923640943244994,<function <lambda> at 0x7f5051fa9d80>,<function <lambda> at 0x7f50349141f0>
8,0.95,KNN,4567.0,1078.0,6000,5154.0,1325.0,6000,0.39371721332494,1.3899649907697924,0.22073282584817974,0.35923640943244994,<function <lambda> at 0x7f5051fa9d80>,<function <lambda> at 0x7f50349141f0>
8,0.99,KNN,5529.0,1277.0,6000,5731.0,1325.0,6000,0.39371721332494,1.3899649907697924,0.22073282584817974,0.35923640943244994,<function <lambda> at 0x7f5051fa9d80>,<function <lambda> at 0x7f50349141f0>
9,0.9,LR,2733.0,1106.0,6000,3213.0,1597.0,6000,2.5224837827367668,6.959038817193858,0.266042057712885,0.0954059861500102,<function <lambda> at 0x7f5051fa9d80>,<function <lambda> at 0x7f50349141f0>
9,0.95,LR,3106.0,1364.0,6000,3517.0,1597.0,6000,2.5224837827367668,6.959038817193858,0.266042057712885,0.0954059861500102,<function <lambda> at 0x7f5051fa9d80>,<function <lambda> at 0x7f50349141f0>
9,0.99,LR,3781.0,1551.0,6000,4089.0,1597.0,6000,2.5224837827367668,6.959038817193858,0.266042057712885,0.0954059861500102,<function <lambda> at 0x7f5051fa9d80>,<function <lambda> at 0x7f50349141f0>
9,0.9,MLP,3227.0,864.0,6000,4000.0,1379.0,6000,0.7461405317120505,2.5021230883237497,0.22970442642331693,0.23539028870142786,<function <lambda> at 0x7f5051fa9d80>,<function <lambda> at 0x7f50349141f0>
9,0.95,MLP,3874.0,1134.0,6000,4471.0,1379.0,6000,0.7461405317120505,2.5021230883237497,0.22970442642331693,0.23539028870142786,<function <lambda> at 0x7f5051fa9d80>,<function <lambda> at 0x7f50349141f0>
9,0.99,MLP,4866.0,1331.0,6000,5189.0,1379.0,6000,0.7461405317120505,2.5021230883237497,0.22970442642331693,0.23539028870142786,<function <lambda> at 0x7f5051fa9d80>,<function <lambda> at 0x7f50349141f0>
9,0.9,RF,2899.0,797.0,6000,3606.0,1319.0,6000,0.9535208602764164,3.3869189465971035,0.2196830051107772,0.18725049549532044,<function <lambda> at 0x7f5051fa9d80>,<function <lambda> at 0x7f50349141f0>
9,0.95,RF,3469.0,1071.0,6000,4048.0,1319.0,6000,0.9535208602764164,3.3869189465971035,0.2196830051107772,0.18725049549532044,<function <lambda> at 0x7f5051fa9d80>,<function <lambda> at 0x7f50349141f0>
9,0.99,RF,4423.0,1270.0,6000,4792.0,1319.0,6000,0.9535208602764164,3.3869189465971035,0.2196830051107772,0.18725049549532044,<function <lambda> at 0x7f5051fa9d80>,<function <lambda> at 0x7f50349141f0>
9,0.9,AB,3045.0,808.0,6000,3797.0,1328.0,6000,0.8147738265506207,2.8674013145932906,0.2212751418167202,0.213575949180681,<function <lambda> at 0x7f5051fa9d80>,<function <lambda> at 0x7f50349141f0>
9,0.95,AB,3662.0,1081.0,6000,4261.0,1328.0,6000,0.8147738265506207,2.8674013145932906,0.2212751418167202,0.213575949180681,<function <lambda> at 0x7f5051fa9d80>,<function <lambda> at 0x7f50349141f0>
9,0.99,AB,4653.0,1280.0,6000,5002.0,1328.0,6000,0.8147738265506207,2.8674013145932906,0.2212751418167202,0.213575949180681,<function <lambda> at 0x7f5051fa9d80>,<function <lambda> at 0x7f50349141f0>
9,0.9,KNN,3468.0,793.0,6000,4339.0,1315.0,6000,0.4992655494975592,1.7802181460090833,0.21902571642943533,0.30492604716106436,<function <lambda> at 0x7f5051fa9d80>,<function <lambda> at 0x7f50349141f0>
9,0.95,KNN,4229.0,1067.0,6000,4850.0,1315.0,6000,0.4992655494975592,1.7802181460090833,0.21902571642943533,0.30492604716106436,<function <lambda> at 0x7f5051fa9d80>,<function <lambda> at 0x7f50349141f0>
9,0.99,KNN,5256.0,1266.0,6000,5532.0,1315.0,6000,0.4992655494975592,1.7802181460090833,0.21902571642943533,0.30492604716106436,<function <lambda> at 0x7f5051fa9d80>,<function <lambda> at 0x7f50349141f0>
10,0.9,LR,2748.0,1106.0,6000,3234.0,1596.0,6000,2.452141355523695,6.769800871918224,0.2659029188262326,0.09782876656408711,<function <lambda> at 0x7f5051fa9d80>,<function <lambda> at 0x7f50349141f0>
10,0.95,LR,3126.0,1363.0,6000,3544.0,1596.0,6000,2.452141355523695,6.769800871918224,0.2659029188262326,0.09782876656408711,<function <lambda> at 0x7f5051fa9d80>,<function <lambda> at 0x7f50349141f0>
10,0.99,LR,3809.0,1550.0,6000,4125.0,1596.0,6000,2.452141355523695,6.769800871918224,0.2659029188262326,0.09782876656408711,<function <lambda> at 0x7f5051fa9d80>,<function <lambda> at 0x7f50349141f0>
10,0.9,MLP,3215.0,764.0,6000,4042.0,1288.0,6000,0.6088748954968074,2.228326934265575,0.2146040119915618,0.2606065681100555,<function <lambda> at 0x7f5051fa9d80>,<function <lambda> at 0x7f50349141f0>
10,0.95,MLP,3916.0,1039.0,6000,4545.0,1288.0,6000,0.6088748954968074,2.228326934265575,0.2146040119915618,0.2606065681100555,<function <lambda> at 0x7f5051fa9d80>,<function <lambda> at 0x7f50349141f0>
10,0.99,MLP,4961.0,1240.0,6000,5284.0,1288.0,6000,0.6088748954968074,2.228326934265575,0.2146040119915618,0.2606065681100555,<function <lambda> at 0x7f5051fa9d80>,<function <lambda> at 0x7f50349141f0>
10,0.9,RF,2978.0,825.0,6000,3698.0,1342.0,6000,0.9185671683781816,3.1854935462050045,0.22381909826874297,0.19592243429683873,<function <lambda> at 0x7f5051fa9d80>,<function <lambda> at 0x7f50349141f0>
10,0.95,RF,3562.0,1097.0,6000,4145.0,1343.0,6000,0.9185671683781816,3.1854935462050045,0.22381909826874297,0.19592243429683873,<function <lambda> at 0x7f5051fa9d80>,<function <lambda> at 0x7f50349141f0>
10,0.99,RF,4523.0,1295.0,6000,4886.0,1343.0,6000,0.9185671683781816,3.1854935462050045,0.22381909826874297,0.19592243429683873,<function <lambda> at 0x7f5051fa9d80>,<function <lambda> at 0x7f50349141f0>
10,0.9,AB,3082.0,823.0,6000,3834.0,1342.0,6000,0.806692922588843,2.8024274970005805,0.22351510307340008,0.2169611355237881,<function <lambda> at 0x7f5051fa9d80>,<function <lambda> at 0x7f50349141f0>
10,0.95,AB,3703.0,1095.0,6000,4299.0,1342.0,6000,0.806692922588843,2.8024274970005805,0.22351510307340008,0.2169611355237881,<function <lambda> at 0x7f5051fa9d80>,<function <lambda> at 0x7f50349141f0>
10,0.99,AB,4693.0,1294.0,6000,5035.0,1342.0,6000,0.806692922588843,2.8024274970005805,0.22351510307340008,0.2169611355237881,<function <lambda> at 0x7f5051fa9d80>,<function <lambda> at 0x7f50349141f0>
10,0.9,KNN,3684.0,801.0,6000,4581.0,1322.0,6000,0.41367995478772485,1.4647081950422007,0.22023134825737725,0.3474166609736379,<function <lambda> at 0x7f5051fa9d80>,<function <lambda> at 0x7f50349141f0>
10,0.95,KNN,4494.0,1075.0,6000,5090.0,1322.0,6000,0.41367995478772485,1.4647081950422007,0.22023134825737725,0.3474166609736379,<function <lambda> at 0x7f5051fa9d80>,<function <lambda> at 0x7f50349141f0>
10,0.99,KNN,5475.0,1274.0,6000,5702.0,1322.0,6000,0.41367995478772485,1.4647081950422007,0.22023134825737725,0.3474166609736379,<function <lambda> at 0x7f5051fa9d80>,<function <lambda> at 0x7f50349141f0>
11,0.9,LR,2719.0,1086.0,6000,3203.0,1579.0,6000,2.460630106304348,6.894120000902817,0.26303536471900074,0.0965740350705301,<function <lambda> at 0x7f5051fa9d80>,<function <lambda> at 0x7f50349141f0>
11,0.95,LR,3095.0,1345.0,6000,3509.0,1579.0,6000,2.460630106304348,6.894120000902817,0.26303536471900074,0.0965740350705301,<function <lambda> at 0x7f5051fa9d80>,<function <lambda> at 0x7f50349141f0>
11,0.99,LR,3776.0,1533.0,6000,4083.0,1579.0,6000,2.460630106304348,6.894120000902817,0.26303536471900074,0.0965740350705301,<function <lambda> at 0x7f5051fa9d80>,<function <lambda> at 0x7f50349141f0>
11,0.9,MLP,3229.0,789.0,6000,4044.0,1311.0,6000,0.6346011423321433,2.270109083554083,0.21847313259570553,0.25610095042917985,<function <lambda> at 0x7f5051fa9d80>,<function <lambda> at 0x7f50349141f0>
11,0.95,MLP,3918.0,1064.0,6000,4544.0,1311.0,6000,0.6346011423321433,2.270109083554083,0.21847313259570553,0.25610095042917985,<function <lambda> at 0x7f5051fa9d80>,<function <lambda> at 0x7f50349141f0>
11,0.99,MLP,4951.0,1263.0,6000,5273.0,1311.0,6000,0.6346011423321433,2.270109083554083,0.21847313259570553,0.25610095042917985,<function <lambda> at 0x7f5051fa9d80>,<function <lambda> at 0x7f50349141f0>
11,0.9,RF,2898.0,801.0,6000,3603.0,1320.0,6000,0.9615236659114766,3.40603169856982,0.22015145445687329,0.18630455246298833,<function <lambda> at 0x7f5051fa9d80>,<function <lambda> at 0x7f50349141f0>
11,0.95,RF,3466.0,1074.0,6000,4045.0,1321.0,6000,0.9615236659114766,3.40603169856982,0.22015145445687329,0.18630455246298833,<function <lambda> at 0x7f5051fa9d80>,<function <lambda> at 0x7f50349141f0>
11,0.99,RF,4418.0,1273.0,6000,4783.0,1321.0,6000,0.9615236659114766,3.40603169856982,0.22015145445687329,0.18630455246298833,<function <lambda> at 0x7f5051fa9d80>,<function <lambda> at 0x7f50349141f0>
11,0.9,AB,3046.0,809.0,6000,3796.0,1329.0,6000,0.8166463249331587,2.870683509028141,0.22147363043349863,0.21334107805997768,<function <lambda> at 0x7f5051fa9d80>,<function <lambda> at 0x7f50349141f0>
11,0.95,AB,3662.0,1082.0,6000,4261.0,1329.0,6000,0.8166463249331587,2.870683509028141,0.22147363043349863,0.21334107805997768,<function <lambda> at 0x7f5051fa9d80>,<function <lambda> at 0x7f50349141f0>
11,0.99,AB,4652.0,1281.0,6000,5004.0,1329.0,6000,0.8166463249331587,2.870683509028141,0.22147363043349863,0.21334107805997768,<function <lambda> at 0x7f5051fa9d80>,<function <lambda> at 0x7f50349141f0>
11,0.9,KNN,3513.0,832.0,6000,4369.0,1350.0,6000,0.517917711907799,1.7850997190222717,0.22488657921214195,0.30275347342578746,<function <lambda> at 0x7f5051fa9d80>,<function <lambda> at 0x7f50349141f0>
11,0.95,KNN,4262.0,1104.0,6000,4872.0,1350.0,6000,0.517917711907799,1.7850997190222717,0.22488657921214195,0.30275347342578746,<function <lambda> at 0x7f5051fa9d80>,<function <lambda> at 0x7f50349141f0>
11,0.99,KNN,5270.0,1302.0,6000,5537.0,1350.0,6000,0.517917711907799,1.7850997190222717,0.22488657921214195,0.30275347342578746,<function <lambda> at 0x7f5051fa9d80>,<function <lambda> at 0x7f50349141f0>
12,0.9,LR,2738.0,1108.0,6000,3220.0,1597.0,6000,2.5117797392823586,6.919236676755874,0.26633181711049375,0.09586793463985424,<function <lambda> at 0x7f5051fa9d80>,<function <lambda> at 0x7f50349141f0>
12,0.95,LR,3112.0,1366.0,6000,3524.0,1597.0,6000,2.5117797392823586,6.919236676755874,0.26633181711049375,0.09586793463985424,<function <lambda> at 0x7f5051fa9d80>,<function <lambda> at 0x7f50349141f0>
12,0.99,LR,3788.0,1553.0,6000,4102.0,1597.0,6000,2.5117797392823586,6.919236676755874,0.26633181711049375,0.09586793463985424,<function <lambda> at 0x7f5051fa9d80>,<function <lambda> at 0x7f50349141f0>
12,0.9,MLP,3364.0,862.0,6000,4171.0,1375.0,6000,0.6402895683730981,2.1517839995807146,0.22932403204631105,0.2637079640149481,<function <lambda> at 0x7f5051fa9d80>,<function <lambda> at 0x7f50349141f0>
12,0.95,MLP,4053.0,1132.0,6000,4660.0,1376.0,6000,0.6402895683730981,2.1517839995807146,0.22932403204631105,0.2637079640149481,<function <lambda> at 0x7f5051fa9d80>,<function <lambda> at 0x7f50349141f0>
12,0.99,MLP,5057.0,1329.0,6000,5360.0,1376.0,6000,0.6402895683730981,2.1517839995807146,0.22932403204631105,0.2637079640149481,<function <lambda> at 0x7f5051fa9d80>,<function <lambda> at 0x7f50349141f0>
12,0.9,RF,2940.0,825.0,6000,3645.0,1344.0,6000,0.9646458064296527,3.344449786337055,0.2238627075363371,0.18835599821604906,<function <lambda> at 0x7f5051fa9d80>,<function <lambda> at 0x7f50349141f0>
12,0.95,RF,3510.0,1098.0,6000,4086.0,1344.0,6000,0.9646458064296527,3.344449786337055,0.2238627075363371,0.18835599821604906,<function <lambda> at 0x7f5051fa9d80>,<function <lambda> at 0x7f50349141f0>
12,0.99,RF,4459.0,1296.0,6000,4820.0,1344.0,6000,0.9646458064296527,3.344449786337055,0.2238627075363371,0.18835599821604906,<function <lambda> at 0x7f5051fa9d80>,<function <lambda> at 0x7f50349141f0>
12,0.9,AB,3036.0,822.0,6000,3775.0,1341.0,6000,0.8497196479584718,2.9549834903989916,0.2233340203055385,0.2081294038786047,<function <lambda> at 0x7f5051fa9d80>,<function <lambda> at 0x7f50349141f0>
12,0.95,AB,3642.0,1094.0,6000,4233.0,1341.0,6000,0.8497196479584718,2.9549834903989916,0.2233340203055385,0.2081294038786047,<function <lambda> at 0x7f5051fa9d80>,<function <lambda> at 0x7f50349141f0>
12,0.99,AB,4621.0,1292.0,6000,4976.0,1341.0,6000,0.8497196479584718,2.9549834903989916,0.2233340203055385,0.2081294038786047,<function <lambda> at 0x7f5051fa9d80>,<function <lambda> at 0x7f50349141f0>
12,0.9,KNN,3403.0,840.0,6000,4232.0,1357.0,6000,0.5881671144623088,2.013040879176315,0.2261130658911933,0.27768459965835246,<function <lambda> at 0x7f5051fa9d80>,<function <lambda> at 0x7f50349141f0>
12,0.95,KNN,4116.0,1112.0,6000,4730.0,1357.0,6000,0.5881671144623088,2.013040879176315,0.2261130658911933,0.27768459965835246,<function <lambda> at 0x7f5051fa9d80>,<function <lambda> at 0x7f50349141f0>
12,0.99,KNN,5129.0,1309.0,6000,5427.0,1357.0,6000,0.5881671144623088,2.013040879176315,0.2261130658911933,0.27768459965835246,<function <lambda> at 0x7f5051fa9d80>,<function <lambda> at 0x7f50349141f0>
13,0.9,LR,2749.0,1111.0,6000,3232.0,1601.0,6000,2.4803747263266076,6.81977443648924,0.2667026821724237,0.09708597265853776,<function <lambda> at 0x7f5051fa9d80>,<function <lambda> at 0x7f50349141f0>
13,0.95,LR,3125.0,1368.0,6000,3542.0,1601.0,6000,2.4803747263266076,6.81977443648924,0.2667026821724237,0.09708597265853776,<function <lambda> at 0x7f5051fa9d80>,<function <lambda> at 0x7f50349141f0>
13,0.99,LR,3806.0,1555.0,6000,4111.0,1601.0,6000,2.4803747263266076,6.81977443648924,0.2667026821724237,0.09708597265853776,<function <lambda> at 0x7f5051fa9d80>,<function <lambda> at 0x7f50349141f0>
13,0.9,MLP,3169.0,790.0,6000,3971.0,1312.0,6000,0.6779601132324867,2.4242441586894725,0.21854141565360524,0.24377138087555092,<function <lambda> at 0x7f5051fa9d80>,<function <lambda> at 0x7f50349141f0>
13,0.95,MLP,3840.0,1064.0,6000,4456.0,1312.0,6000,0.6779601132324867,2.4242441586894725,0.21854141565360524,0.24377138087555092,<function <lambda> at 0x7f5051fa9d80>,<function <lambda> at 0x7f50349141f0>
13,0.99,MLP,4865.0,1263.0,6000,5199.0,1312.0,6000,0.6779601132324867,2.4242441586894725,0.21854141565360524,0.24377138087555092,<function <lambda> at 0x7f5051fa9d80>,<function <lambda> at 0x7f50349141f0>
13,0.9,RF,2915.0,789.0,6000,3632.0,1311.0,6000,0.9153369714546303,3.2766318967343313,0.2183549067839522,0.19260516104535413,<function <lambda> at 0x7f5051fa9d80>,<function <lambda> at 0x7f50349141f0>
13,0.95,RF,3496.0,1063.0,6000,4079.0,1311.0,6000,0.9153369714546303,3.2766318967343313,0.2183549067839522,0.19260516104535413,<function <lambda> at 0x7f5051fa9d80>,<function <lambda> at 0x7f50349141f0>
13,0.99,RF,4462.0,1262.0,6000,4821.0,1311.0,6000,0.9153369714546303,3.2766318967343313,0.2183549067839522,0.19260516104535413,<function <lambda> at 0x7f5051fa9d80>,<function <lambda> at 0x7f50349141f0>
13,0.9,AB,2996.0,789.0,6000,3742.0,1311.0,6000,0.8274825627189283,2.9621145139109415,0.21835634395591672,0.20878582978918042,<function <lambda> at 0x7f5051fa9d80>,<function <lambda> at 0x7f50349141f0>
13,0.95,AB,3606.0,1063.0,6000,4207.0,1311.0,6000,0.8274825627189283,2.9621145139109415,0.21835634395591672,0.20878582978918042,<function <lambda> at 0x7f5051fa9d80>,<function <lambda> at 0x7f50349141f0>
13,0.99,AB,4597.0,1262.0,6000,4952.0,1311.0,6000,0.8274825627189283,2.9621145139109415,0.21835634395591672,0.20878582978918042,<function <lambda> at 0x7f5051fa9d80>,<function <lambda> at 0x7f50349141f0>
13,0.9,KNN,3380.0,778.0,6000,4241.0,1301.0,6000,0.5280992124970556,1.9082241391023842,0.21676072355106715,0.29100870252345407,<function <lambda> at 0x7f5051fa9d80>,<function <lambda> at 0x7f50349141f0>
13,0.95,KNN,4125.0,1053.0,6000,4752.0,1301.0,6000,0.5280992124970556,1.9082241391023842,0.21676072355106715,0.29100870252345407,<function <lambda> at 0x7f5051fa9d80>,<function <lambda> at 0x7f50349141f0>
13,0.99,KNN,5166.0,1253.0,6000,5450.0,1301.0,6000,0.5280992124970556,1.9082241391023842,0.21676072355106715,0.29100870252345407,<function <lambda> at 0x7f5051fa9d80>,<function <lambda> at 0x7f50349141f0>
14,0.9,LR,2750.0,1100.0,6000,3237.0,1591.0,6000,2.413676868144216,6.690896904526217,0.265105970736318,0.09896508477227144,<function <lambda> at 0x7f5051fa9d80>,<function <lambda> at 0x7f50349141f0>
14,0.95,LR,3130.0,1358.0,6000,3553.0,1591.0,6000,2.413676868144216,6.690896904526217,0.265105970736318,0.09896508477227144,<function <lambda> at 0x7f5051fa9d80>,<function <lambda> at 0x7f50349141f0>
14,0.99,LR,3818.0,1546.0,6000,4129.0,1591.0,6000,2.413676868144216,6.690896904526217,0.265105970736318,0.09896508477227144,<function <lambda> at 0x7f5051fa9d80>,<function <lambda> at 0x7f50349141f0>
14,0.9,MLP,3212.0,750.0,6000,4048.0,1276.0,6000,0.592853157830237,2.195710670677726,0.21260160939096973,0.2639522640413918,<function <lambda> at 0x7f5051fa9d80>,<function <lambda> at 0x7f50349141f0>
14,0.95,MLP,3921.0,1026.0,6000,4553.0,1276.0,6000,0.592853157830237,2.195710670677726,0.21260160939096973,0.2639522640413918,<function <lambda> at 0x7f5051fa9d80>,<function <lambda> at 0x7f50349141f0>
14,0.99,MLP,4973.0,1227.0,6000,5294.0,1276.0,6000,0.592853157830237,2.195710670677726,0.21260160939096973,0.2639522640413918,<function <lambda> at 0x7f5051fa9d80>,<function <lambda> at 0x7f50349141f0>
14,0.9,RF,2943.0,814.0,6000,3652.0,1332.0,6000,0.9372731556435178,3.2815846456482247,0.22216277480519508,0.1916128084103931,<function <lambda> at 0x7f5051fa9d80>,<function <lambda> at 0x7f50349141f0>
14,0.95,RF,3519.0,1087.0,6000,4100.0,1332.0,6000,0.9372731556435178,3.2815846456482247,0.22216277480519508,0.1916128084103931,<function <lambda> at 0x7f5051fa9d80>,<function <lambda> at 0x7f50349141f0>
14,0.99,RF,4477.0,1285.0,6000,4834.0,1333.0,6000,0.9372731556435178,3.2815846456482247,0.22216277480519508,0.1916128084103931,<function <lambda> at 0x7f5051fa9d80>,<function <lambda> at 0x7f50349141f0>
14,0.9,AB,3047.0,807.0,6000,3797.0,1326.0,6000,0.8121423720202997,2.859992052482303,0.22116357358848754,0.2140349375984533,<function <lambda> at 0x7f5051fa9d80>,<function <lambda> at 0x7f50349141f0>
14,0.95,AB,3664.0,1081.0,6000,4265.0,1326.0,6000,0.8121423720202997,2.859992052482303,0.22116357358848754,0.2140349375984533,<function <lambda> at 0x7f5051fa9d80>,<function <lambda> at 0x7f50349141f0>
14,0.99,AB,4656.0,1279.0,6000,5004.0,1327.0,6000,0.8121423720202997,2.859992052482303,0.22116357358848754,0.2140349375984533,<function <lambda> at 0x7f5051fa9d80>,<function <lambda> at 0x7f50349141f0>
14,0.9,KNN,3635.0,837.0,6000,4506.0,1353.0,6000,0.46572926776325874,1.598205744102527,0.22565113004320914,0.32637767972469145,<function <lambda> at 0x7f5051fa9d80>,<function <lambda> at 0x7f50349141f0>
14,0.95,KNN,4411.0,1109.0,6000,5009.0,1354.0,6000,0.46572926776325874,1.598205744102527,0.22565113004320914,0.32637767972469145,<function <lambda> at 0x7f5051fa9d80>,<function <lambda> at 0x7f50349141f0>
14,0.99,KNN,5397.0,1306.0,6000,5629.0,1354.0,6000,0.46572926776325874,1.598205744102527,0.22565113004320914,0.32637767972469145,<function <lambda> at 0x7f5051fa9d80>,<function <lambda> at 0x7f50349141f0>
15,0.9,LR,2719.0,1065.0,6000,3210.0,1558.0,6000,2.337079445261331,6.657560379790037,0.2598302423130082,0.10005363049637063,<function <lambda> at 0x7f5051fa9d80>,<function <lambda> at 0x7f50349141f0>
15,0.95,LR,3102.0,1325.0,6000,3529.0,1558.0,6000,2.337079445261331,6.657560379790037,0.2598302423130082,0.10005363049637063,<function <lambda> at 0x7f5051fa9d80>,<function <lambda> at 0x7f50349141f0>
15,0.99,LR,3797.0,1514.0,6000,4110.0,1559.0,6000,2.337079445261331,6.657560379790037,0.2598302423130082,0.10005363049637063,<function <lambda> at 0x7f5051fa9d80>,<function <lambda> at 0x7f50349141f0>
15,0.9,MLP,3299.0,784.0,6000,4139.0,1307.0,6000,0.581677643507795,2.090477906524145,0.21768105659150055,0.2723196189200923,<function <lambda> at 0x7f5051fa9d80>,<function <lambda> at 0x7f50349141f0>
15,0.95,MLP,4015.0,1059.0,6000,4643.0,1307.0,6000,0.581677643507795,2.090477906524145,0.21768105659150055,0.2723196189200923,<function <lambda> at 0x7f5051fa9d80>,<function <lambda> at 0x7f50349141f0>
15,0.99,MLP,5054.0,1258.0,6000,5366.0,1307.0,6000,0.581677643507795,2.090477906524145,0.21768105659150055,0.2723196189200923,<function <lambda> at 0x7f5051fa9d80>,<function <lambda> at 0x7f50349141f0>
15,0.9,RF,2899.0,786.0,6000,3612.0,1309.0,6000,0.9290262577176955,3.3324855923641534,0.21800391278974202,0.19005944080206602,<function <lambda> at 0x7f5051fa9d80>,<function <lambda> at 0x7f50349141f0>
15,0.95,RF,3475.0,1061.0,6000,4059.0,1309.0,6000,0.9290262577176955,3.3324855923641534,0.21800391278974202,0.19005944080206602,<function <lambda> at 0x7f5051fa9d80>,<function <lambda> at 0x7f50349141f0>
15,0.99,RF,4437.0,1260.0,6000,4806.0,1309.0,6000,0.9290262577176955,3.3324855923641534,0.21800391278974202,0.19005944080206602,<function <lambda> at 0x7f5051fa9d80>,<function <lambda> at 0x7f50349141f0>
15,0.9,AB,2973.0,779.0,6000,3716.0,1302.0,6000,0.8325180092045097,3.005989748814605,0.21688584775301734,0.20667529122850886,<function <lambda> at 0x7f5051fa9d80>,<function <lambda> at 0x7f50349141f0>
15,0.95,AB,3580.0,1054.0,6000,4180.0,1302.0,6000,0.8325180092045097,3.005989748814605,0.21688584775301734,0.20667529122850886,<function <lambda> at 0x7f5051fa9d80>,<function <lambda> at 0x7f50349141f0>
15,0.99,AB,4571.0,1253.0,6000,4927.0,1302.0,6000,0.8325180092045097,3.005989748814605,0.21688584775301734,0.20667529122850886,<function <lambda> at 0x7f5051fa9d80>,<function <lambda> at 0x7f50349141f0>
15,0.9,KNN,3522.0,742.0,6000,4430.0,1268.0,6000,0.4251396806704249,1.5867629580438105,0.21131225362978934,0.33201604432568727,<function <lambda> at 0x7f5051fa9d80>,<function <lambda> at 0x7f50349141f0>
15,0.95,KNN,4331.0,1018.0,6000,4958.0,1268.0,6000,0.4251396806704249,1.5867629580438105,0.21131225362978934,0.33201604432568727,<function <lambda> at 0x7f5051fa9d80>,<function <lambda> at 0x7f50349141f0>
15,0.99,KNN,5367.0,1220.0,6000,5617.0,1268.0,6000,0.4251396806704249,1.5867629580438105,0.21131225362978934,0.33201604432568727,<function <lambda> at 0x7f5051fa9d80>,<function <lambda> at 0x7f50349141f0>
16,0.9,LR,2731.0,1086.0,6000,3222.0,1579.0,6000,2.4079796381112546,6.747094188535642,0.2630213238808138,0.09847294240008396,<function <lambda> at 0x7f5051fa9d80>,<function <lambda> at 0x7f50349141f0>
16,0.95,LR,3111.0,1345.0,6000,3533.0,1579.0,6000,2.4079796381112546,6.747094188535642,0.2630213238808138,0.09847294240008396,<function <lambda> at 0x7f5051fa9d80>,<function <lambda> at 0x7f50349141f0>
16,0.99,LR,3799.0,1533.0,6000,4106.0,1579.0,6000,2.4079796381112546,6.747094188535642,0.2630213238808138,0.09847294240008396,<function <lambda> at 0x7f5051fa9d80>,<function <lambda> at 0x7f50349141f0>
16,0.9,MLP,3185.0,794.0,6000,3985.0,1314.0,6000,0.6726634805322041,2.3967144838067496,0.2191530298149757,0.24573780286895616,<function <lambda> at 0x7f5051fa9d80>,<function <lambda> at 0x7f50349141f0>
16,0.95,MLP,3857.0,1068.0,6000,4477.0,1315.0,6000,0.6726634805322041,2.3967144838067496,0.2191530298149757,0.24573780286895616,<function <lambda> at 0x7f5051fa9d80>,<function <lambda> at 0x7f50349141f0>
16,0.99,MLP,4882.0,1267.0,6000,5218.0,1315.0,6000,0.6726634805322041,2.3967144838067496,0.2191530298149757,0.24573780286895616,<function <lambda> at 0x7f5051fa9d80>,<function <lambda> at 0x7f50349141f0>
16,0.9,RF,2955.0,820.0,6000,3666.0,1339.0,6000,0.9361346399415348,3.259822827895617,0.22310393923608446,0.19245731055151533,<function <lambda> at 0x7f5051fa9d80>,<function <lambda> at 0x7f50349141f0>
16,0.95,RF,3533.0,1093.0,6000,4110.0,1339.0,6000,0.9361346399415348,3.259822827895617,0.22310393923608446,0.19245731055151533,<function <lambda> at 0x7f5051fa9d80>,<function <lambda> at 0x7f50349141f0>
16,0.99,RF,4490.0,1291.0,6000,4846.0,1339.0,6000,0.9361346399415348,3.259822827895617,0.22310393923608446,0.19245731055151533,<function <lambda> at 0x7f5051fa9d80>,<function <lambda> at 0x7f50349141f0>
16,0.9,AB,3088.0,820.0,6000,3847.0,1339.0,6000,0.7943611578193622,2.7677574467663293,0.2230024448924137,0.21919640558990133,<function <lambda> at 0x7f5051fa9d80>,<function <lambda> at 0x7f50349141f0>
16,0.95,AB,3714.0,1092.0,6000,4312.0,1339.0,6000,0.7943611578193622,2.7677574467663293,0.2230024448924137,0.21919640558990133,<function <lambda> at 0x7f5051fa9d80>,<function <lambda> at 0x7f50349141f0>
16,0.99,AB,4707.0,1290.0,6000,5053.0,1339.0,6000,0.7943611578193622,2.7677574467663293,0.2230024448924137,0.21919640558990133,<function <lambda> at 0x7f5051fa9d80>,<function <lambda> at 0x7f50349141f0>
16,0.9,KNN,3517.0,828.0,6000,4374.0,1346.0,6000,0.5120785073365224,1.7709118456400792,0.2243016518527403,0.30460034678241626,<function <lambda> at 0x7f5051fa9d80>,<function <lambda> at 0x7f50349141f0>
16,0.95,KNN,4269.0,1100.0,6000,4878.0,1346.0,6000,0.5120785073365224,1.7709118456400792,0.2243016518527403,0.30460034678241626,<function <lambda> at 0x7f5051fa9d80>,<function <lambda> at 0x7f50349141f0>
16,0.99,KNN,5278.0,1298.0,6000,5539.0,1346.0,6000,0.5120785073365224,1.7709118456400792,0.2243016518527403,0.30460034678241626,<function <lambda> at 0x7f5051fa9d80>,<function <lambda> at 0x7f50349141f0>
17,0.9,LR,2749.0,1100.0,6000,3240.0,1591.0,6000,2.4163124657566213,6.697342754270112,0.2651309938132083,0.09887622014440757,<function <lambda> at 0x7f5051fa9d80>,<function <lambda> at 0x7f50349141f0>
17,0.95,LR,3130.0,1358.0,6000,3548.0,1591.0,6000,2.4163124657566213,6.697342754270112,0.2651309938132083,0.09887622014440757,<function <lambda> at 0x7f5051fa9d80>,<function <lambda> at 0x7f50349141f0>
17,0.99,LR,3817.0,1546.0,6000,4129.0,1591.0,6000,2.4163124657566213,6.697342754270112,0.2651309938132083,0.09887622014440757,<function <lambda> at 0x7f5051fa9d80>,<function <lambda> at 0x7f50349141f0>
17,0.9,MLP,3210.0,797.0,6000,4018.0,1318.0,6000,0.6578851688553374,2.3385318361732685,0.21955728049576223,0.2502241379570053,<function <lambda> at 0x7f5051fa9d80>,<function <lambda> at 0x7f50349141f0>
17,0.95,MLP,3889.0,1070.0,6000,4511.0,1318.0,6000,0.6578851688553374,2.3385318361732685,0.21955728049576223,0.2502241379570053,<function <lambda> at 0x7f5051fa9d80>,<function <lambda> at 0x7f50349141f0>
17,0.99,MLP,4916.0,1270.0,6000,5244.0,1318.0,6000,0.6578851688553374,2.3385318361732685,0.21955728049576223,0.2502241379570053,<function <lambda> at 0x7f5051fa9d80>,<function <lambda> at 0x7f50349141f0>
17,0.9,RF,2939.0,807.0,6000,3651.0,1328.0,6000,0.9278494169986033,3.267301999299869,0.22117185410610926,0.19248717118479997,<function <lambda> at 0x7f5051fa9d80>,<function <lambda> at 0x7f50349141f0>
17,0.95,RF,3518.0,1081.0,6000,4097.0,1328.0,6000,0.9278494169986033,3.267301999299869,0.22117185410610926,0.19248717118479997,<function <lambda> at 0x7f5051fa9d80>,<function <lambda> at 0x7f50349141f0>
17,0.99,RF,4478.0,1279.0,6000,4840.0,1328.0,6000,0.9278494169986033,3.267301999299869,0.22117185410610926,0.19248717118479997,<function <lambda> at 0x7f5051fa9d80>,<function <lambda> at 0x7f50349141f0>
17,0.9,AB,3040.0,809.0,6000,3787.0,1329.0,6000,0.8224035346186221,2.891476175682018,0.2214405416356493,0.21213948200986707,<function <lambda> at 0x7f5051fa9d80>,<function <lambda> at 0x7f50349141f0>
17,0.95,AB,3654.0,1082.0,6000,4250.0,1329.0,6000,0.8224035346186221,2.891476175682018,0.2214405416356493,0.21213948200986707,<function <lambda> at 0x7f5051fa9d80>,<function <lambda> at 0x7f50349141f0>
17,0.99,AB,4642.0,1281.0,6000,4997.0,1329.0,6000,0.8224035346186221,2.891476175682018,0.2214405416356493,0.21213948200986707,<function <lambda> at 0x7f5051fa9d80>,<function <lambda> at 0x7f50349141f0>
17,0.9,KNN,3517.0,821.0,6000,4379.0,1338.0,6000,0.5041383553959065,1.7548854778555987,0.22316646153762776,0.3068403458106371,<function <lambda> at 0x7f5051fa9d80>,<function <lambda> at 0x7f50349141f0>
17,0.95,KNN,4274.0,1093.0,6000,4883.0,1338.0,6000,0.5041383553959065,1.7548854778555987,0.22316646153762776,0.3068403458106371,<function <lambda> at 0x7f5051fa9d80>,<function <lambda> at 0x7f50349141f0>
17,0.99,KNN,5285.0,1291.0,6000,5549.0,1338.0,6000,0.5041383553959065,1.7548854778555987,0.22316646153762776,0.3068403458106371,<function <lambda> at 0x7f5051fa9d80>,<function <lambda> at 0x7f50349141f0>
18,0.9,LR,2732.0,1091.0,6000,3217.0,1583.0,6000,2.432991968151743,6.793567591792245,0.2636943870946532,0.09778459648510346,<function <lambda> at 0x7f5051fa9d80>,<function <lambda> at 0x7f50349141f0>
18,0.95,LR,3110.0,1349.0,6000,3529.0,1583.0,6000,2.432991968151743,6.793567591792245,0.2636943870946532,0.09778459648510346,<function <lambda> at 0x7f5051fa9d80>,<function <lambda> at 0x7f50349141f0>
18,0.99,LR,3795.0,1537.0,6000,4102.0,1583.0,6000,2.432991968151743,6.793567591792245,0.2636943870946532,0.09778459648510346,<function <lambda> at 0x7f5051fa9d80>,<function <lambda> at 0x7f50349141f0>
18,0.9,MLP,3217.0,788.0,6000,4033.0,1310.0,6000,0.6405530065485651,2.2941114384439767,0.21827129423316163,0.2541512787126363,<function <lambda> at 0x7f5051fa9d80>,<function <lambda> at 0x7f50349141f0>
18,0.95,MLP,3904.0,1062.0,6000,4529.0,1310.0,6000,0.6405530065485651,2.2941114384439767,0.21827129423316163,0.2541512787126363,<function <lambda> at 0x7f5051fa9d80>,<function <lambda> at 0x7f50349141f0>
18,0.99,MLP,4936.0,1262.0,6000,5266.0,1310.0,6000,0.6405530065485651,2.2941114384439767,0.21827129423316163,0.2541512787126363,<function <lambda> at 0x7f5051fa9d80>,<function <lambda> at 0x7f50349141f0>
18,0.9,RF,3001.0,821.0,6000,3731.0,1340.0,6000,0.8852285882327571,3.079883768924486,0.22325435157842916,0.20140531131354827,<function <lambda> at 0x7f5051fa9d80>,<function <lambda> at 0x7f50349141f0>
18,0.95,RF,3595.0,1094.0,6000,4184.0,1340.0,6000,0.8852285882327571,3.079883768924486,0.22325435157842916,0.20140531131354827,<function <lambda> at 0x7f5051fa9d80>,<function <lambda> at 0x7f50349141f0>
18,0.99,RF,4566.0,1292.0,6000,4920.0,1340.0,6000,0.8852285882327571,3.079883768924486,0.22325435157842916,0.20140531131354827,<function <lambda> at 0x7f5051fa9d80>,<function <lambda> at 0x7f50349141f0>
18,0.9,AB,3134.0,832.0,6000,3900.0,1350.0,6000,0.7740640815105818,2.6678673457745163,0.22489235996230827,0.22512729346909313,<function <lambda> at 0x7f5051fa9d80>,<function <lambda> at 0x7f50349141f0>
18,0.95,AB,3768.0,1104.0,6000,4369.0,1350.0,6000,0.7740640815105818,2.6678673457745163,0.22489235996230827,0.22512729346909313,<function <lambda> at 0x7f5051fa9d80>,<function <lambda> at 0x7f50349141f0>
18,0.99,AB,4763.0,1302.0,6000,5106.0,1350.0,6000,0.7740640815105818,2.6678673457745163,0.22489235996230827,0.22512729346909313,<function <lambda> at 0x7f5051fa9d80>,<function <lambda> at 0x7f50349141f0>
18,0.9,KNN,3503.0,811.0,6000,4367.0,1331.0,6000,0.5010140749140665,1.7588173589649934,0.22170417996799993,0.306764328243207,<function <lambda> at 0x7f5051fa9d80>,<function <lambda> at 0x7f50349141f0>
18,0.95,KNN,4262.0,1084.0,6000,4874.0,1331.0,6000,0.5010140749140665,1.7588173589649934,0.22170417996799993,0.306764328243207,<function <lambda> at 0x7f5051fa9d80>,<function <lambda> at 0x7f50349141f0>
18,0.99,KNN,5278.0,1283.0,6000,5548.0,1331.0,6000,0.5010140749140665,1.7588173589649934,0.22170417996799993,0.306764328243207,<function <lambda> at 0x7f5051fa9d80>,<function <lambda> at 0x7f50349141f0>
19,0.9,LR,2726.0,1077.0,6000,3214.0,1570.0,6000,2.378459011587444,6.712115317575176,0.2616401258562215,0.0991023867798996,<function <lambda> at 0x7f5051fa9d80>,<function <lambda> at 0x7f50349141f0>
19,0.95,LR,3107.0,1336.0,6000,3529.0,1570.0,6000,2.378459011587444,6.712115317575176,0.2616401258562215,0.0991023867798996,<function <lambda> at 0x7f5051fa9d80>,<function <lambda> at 0x7f50349141f0>
19,0.99,LR,3797.0,1525.0,6000,4112.0,1570.0,6000,2.378459011587444,6.712115317575176,0.2616401258562215,0.0991023867798996,<function <lambda> at 0x7f5051fa9d80>,<function <lambda> at 0x7f50349141f0>
19,0.9,MLP,3110.0,714.0,6000,3939.0,1243.0,6000,0.6108672757484792,2.3382988684153605,0.2071322014045685,0.25321801197901506,<function <lambda> at 0x7f5051fa9d80>,<function <lambda> at 0x7f50349141f0>
19,0.95,MLP,3806.0,992.0,6000,4448.0,1243.0,6000,0.6108672757484792,2.3382988684153605,0.2071322014045685,0.25321801197901506,<function <lambda> at 0x7f5051fa9d80>,<function <lambda> at 0x7f50349141f0>
19,0.99,MLP,4869.0,1194.0,6000,5204.0,1243.0,6000,0.6108672757484792,2.3382988684153605,0.2071322014045685,0.25321801197901506,<function <lambda> at 0x7f5051fa9d80>,<function <lambda> at 0x7f50349141f0>
19,0.9,RF,2852.0,772.0,6000,3557.0,1296.0,6000,0.9548738329508979,3.468377252052619,0.21587601847615637,0.18439124140226887,<function <lambda> at 0x7f5051fa9d80>,<function <lambda> at 0x7f50349141f0>
19,0.95,RF,3419.0,1047.0,6000,3996.0,1296.0,6000,0.9548738329508979,3.468377252052619,0.21587601847615637,0.18439124140226887,<function <lambda> at 0x7f5051fa9d80>,<function <lambda> at 0x7f50349141f0>
19,0.99,RF,4374.0,1247.0,6000,4743.0,1296.0,6000,0.9548738329508979,3.468377252052619,0.21587601847615637,0.18439124140226887,<function <lambda> at 0x7f5051fa9d80>,<function <lambda> at 0x7f50349141f0>
19,0.9,AB,2992.0,783.0,6000,3738.0,1306.0,6000,0.8220135809744554,2.9562866399080887,0.21756174282583812,0.20927944117653238,<function <lambda> at 0x7f5051fa9d80>,<function <lambda> at 0x7f50349141f0>
19,0.95,AB,3603.0,1058.0,6000,4205.0,1306.0,6000,0.8220135809744554,2.9562866399080887,0.21756174282583812,0.20927944117653238,<function <lambda> at 0x7f5051fa9d80>,<function <lambda> at 0x7f50349141f0>
19,0.99,AB,4596.0,1257.0,6000,4954.0,1306.0,6000,0.8220135809744554,2.9562866399080887,0.21756174282583812,0.20927944117653238,<function <lambda> at 0x7f5051fa9d80>,<function <lambda> at 0x7f50349141f0>
19,0.9,KNN,3296.0,787.0,6000,4130.0,1310.0,6000,0.588121319930842,2.10747406013057,0.21817863477620414,0.27059239368985855,<function <lambda> at 0x7f5051fa9d80>,<function <lambda> at 0x7f50349141f0>
19,0.95,KNN,4008.0,1062.0,6000,4636.0,1310.0,6000,0.588121319930842,2.10747406013057,0.21817863477620414,0.27059239368985855,<function <lambda> at 0x7f5051fa9d80>,<function <lambda> at 0x7f50349141f0>
19,0.99,KNN,5046.0,1261.0,6000,5351.0,1310.0,6000,0.588121319930842,2.10747406013057,0.21817863477620414,0.27059239368985855,<function <lambda> at 0x7f5051fa9d80>,<function <lambda> at 0x7f50349141f0>
20,0.9,LR,2716.0,1071.0,6000,3208.0,1563.0,6000,2.377971633780845,6.744972783383735,0.2606583494366965,0.09878548758050953,<function <lambda> at 0x7f5051fa9d80>,<function <lambda> at 0x7f50349141f0>
20,0.95,LR,3097.0,1330.0,6000,3520.0,1563.0,6000,2.377971633780845,6.744972783383735,0.2606583494366965,0.09878548758050953,<function <lambda> at 0x7f5051fa9d80>,<function <lambda> at 0x7f50349141f0>
20,0.99,LR,3787.0,1519.0,6000,4100.0,1564.0,6000,2.377971633780845,6.744972783383735,0.2606583494366965,0.09878548758050953,<function <lambda> at 0x7f5051fa9d80>,<function <lambda> at 0x7f50349141f0>
20,0.9,MLP,3198.0,786.0,6000,4010.0,1307.0,6000,0.6513278566096331,2.3364261548586884,0.217999157263131,0.2507677246701063,<function <lambda> at 0x7f5051fa9d80>,<function <lambda> at 0x7f50349141f0>
20,0.95,MLP,3880.0,1061.0,6000,4504.0,1307.0,6000,0.6513278566096331,2.3364261548586884,0.217999157263131,0.2507677246701063,<function <lambda> at 0x7f5051fa9d80>,<function <lambda> at 0x7f50349141f0>
20,0.99,MLP,4911.0,1260.0,6000,5245.0,1307.0,6000,0.6513278566096331,2.3364261548586884,0.217999157263131,0.2507677246701063,<function <lambda> at 0x7f5051fa9d80>,<function <lambda> at 0x7f50349141f0>
20,0.9,RF,2894.0,784.0,6000,3604.0,1306.0,6000,0.9300765715582218,3.3439759236638436,0.21761000188882756,0.1896075173513977,<function <lambda> at 0x7f5051fa9d80>,<function <lambda> at 0x7f50349141f0>
20,0.95,RF,3469.0,1058.0,6000,4052.0,1306.0,6000,0.9300765715582218,3.3439759236638436,0.21761000188882756,0.1896075173513977,<function <lambda> at 0x7f5051fa9d80>,<function <lambda> at 0x7f50349141f0>
20,0.99,RF,4431.0,1258.0,6000,4796.0,1306.0,6000,0.9300765715582218,3.3439759236638436,0.21761000188882756,0.1896075173513977,<function <lambda> at 0x7f5051fa9d80>,<function <lambda> at 0x7f50349141f0>
20,0.9,AB,3008.0,786.0,6000,3757.0,1307.0,6000,0.8115089221216294,2.9112775976128393,0.2179842754398689,0.2117394033843019,<function <lambda> at 0x7f5051fa9d80>,<function <lambda> at 0x7f50349141f0>
20,0.95,AB,3623.0,1060.0,6000,4226.0,1308.0,6000,0.8115089221216294,2.9112775976128393,0.2179842754398689,0.2117394033843019,<function <lambda> at 0x7f5051fa9d80>,<function <lambda> at 0x7f50349141f0>
20,0.99,AB,4618.0,1260.0,6000,4979.0,1308.0,6000,0.8115089221216294,2.9112775976128393,0.2179842754398689,0.2117394033843019,<function <lambda> at 0x7f5051fa9d80>,<function <lambda> at 0x7f50349141f0>
20,0.9,KNN,3659.0,800.0,6000,4554.0,1321.0,6000,0.4226533793078029,1.4974273849752946,0.22012270898698857,0.34245628142600626,<function <lambda> at 0x7f5051fa9d80>,<function <lambda> at 0x7f50349141f0>
20,0.95,KNN,4464.0,1074.0,6000,5063.0,1321.0,6000,0.4226533793078029,1.4974273849752946,0.22012270898698857,0.34245628142600626,<function <lambda> at 0x7f5051fa9d80>,<function <lambda> at 0x7f50349141f0>
20,0.99,KNN,5452.0,1273.0,6000,5683.0,1321.0,6000,0.4226533793078029,1.4974273849752946,0.22012270898698857,0.34245628142600626,<function <lambda> at 0x7f5051fa9d80>,<function <lambda> at 0x7f50349141f0>
21,0.9,LR,2736.0,1110.0,6000,3215.0,1600.0,6000,2.5334003730427037,6.968713744878668,0.26661439145048865,0.09521892342547927,<function <lambda> at 0x7f5051fa9d80>,<function <lambda> at 0x7f50349141f0>
21,0.95,LR,3108.0,1368.0,6000,3521.0,1600.0,6000,2.5334003730427037,6.968713744878668,0.26661439145048865,0.09521892342547927,<function <lambda> at 0x7f5051fa9d80>,<function <lambda> at 0x7f50349141f0>
21,0.99,LR,3782.0,1555.0,6000,4095.0,1600.0,6000,2.5334003730427037,6.968713744878668,0.26661439145048865,0.09521892342547927,<function <lambda> at 0x7f5051fa9d80>,<function <lambda> at 0x7f50349141f0>
21,0.9,MLP,3260.0,817.0,6000,4068.0,1335.0,6000,0.651401811808148,2.2741923392896752,0.22265624627520902,0.25473850874786486,<function <lambda> at 0x7f5051fa9d80>,<function <lambda> at 0x7f50349141f0>
21,0.95,MLP,3943.0,1090.0,6000,4561.0,1336.0,6000,0.651401811808148,2.2741923392896752,0.22265624627520902,0.25473850874786486,<function <lambda> at 0x7f5051fa9d80>,<function <lambda> at 0x7f50349141f0>
21,0.99,MLP,4964.0,1288.0,6000,5279.0,1336.0,6000,0.651401811808148,2.2741923392896752,0.22265624627520902,0.25473850874786486,<function <lambda> at 0x7f5051fa9d80>,<function <lambda> at 0x7f50349141f0>
21,0.9,RF,2911.0,818.0,6000,3610.0,1337.0,6000,0.9845054158066907,3.4350460595877053,0.2227613868257603,0.1845171144771214,<function <lambda> at 0x7f5051fa9d80>,<function <lambda> at 0x7f50349141f0>
21,0.95,RF,3475.0,1091.0,6000,4045.0,1337.0,6000,0.9845054158066907,3.4350460595877053,0.2227613868257603,0.1845171144771214,<function <lambda> at 0x7f5051fa9d80>,<function <lambda> at 0x7f50349141f0>
21,0.99,RF,4419.0,1289.0,6000,4778.0,1337.0,6000,0.9845054158066907,3.4350460595877053,0.2227613868257603,0.1845171144771214,<function <lambda> at 0x7f5051fa9d80>,<function <lambda> at 0x7f50349141f0>
21,0.9,AB,3043.0,817.0,6000,3788.0,1336.0,6000,0.8331494203644616,2.9097749378096442,0.22259317598683537,0.21084038548423578,<function <lambda> at 0x7f5051fa9d80>,<function <lambda> at 0x7f50349141f0>
21,0.95,AB,3654.0,1090.0,6000,4250.0,1336.0,6000,0.8331494203644616,2.9097749378096442,0.22259317598683537,0.21084038548423578,<function <lambda> at 0x7f5051fa9d80>,<function <lambda> at 0x7f50349141f0>
21,0.99,AB,4639.0,1288.0,6000,4987.0,1336.0,6000,0.8331494203644616,2.9097749378096442,0.22259317598683537,0.21084038548423578,<function <lambda> at 0x7f5051fa9d80>,<function <lambda> at 0x7f50349141f0>
21,0.9,KNN,3458.0,787.0,6000,4328.0,1309.0,6000,0.49826904131054306,1.7859159595734155,0.21813865388211442,0.30448954603070283,<function <lambda> at 0x7f5051fa9d80>,<function <lambda> at 0x7f50349141f0>
21,0.95,KNN,4219.0,1061.0,6000,4843.0,1309.0,6000,0.49826904131054306,1.7859159595734155,0.21813865388211442,0.30448954603070283,<function <lambda> at 0x7f5051fa9d80>,<function <lambda> at 0x7f50349141f0>
21,0.99,KNN,5250.0,1261.0,6000,5522.0,1309.0,6000,0.49826904131054306,1.7859159595734155,0.21813865388211442,0.30448954603070283,<function <lambda> at 0x7f5051fa9d80>,<function <lambda> at 0x7f50349141f0>
22,0.9,LR,2739.0,1100.0,6000,3224.0,1591.0,6000,2.458344957088837,6.814904136757961,0.26510071413050423,0.09734018817853389,<function <lambda> at 0x7f5051fa9d80>,<function <lambda> at 0x7f50349141f0>
22,0.95,LR,3116.0,1358.0,6000,3534.0,1591.0,6000,2.458344957088837,6.814904136757961,0.26510071413050423,0.09734018817853389,<function <lambda> at 0x7f5051fa9d80>,<function <lambda> at 0x7f50349141f0>
22,0.99,LR,3798.0,1546.0,6000,4113.0,1591.0,6000,2.458344957088837,6.814904136757961,0.26510071413050423,0.09734018817853389,<function <lambda> at 0x7f5051fa9d80>,<function <lambda> at 0x7f50349141f0>
22,0.9,MLP,3215.0,806.0,6000,4020.0,1326.0,6000,0.6672671749731478,2.352910578132012,0.22093639167002835,0.24874522009073013,<function <lambda> at 0x7f5051fa9d80>,<function <lambda> at 0x7f50349141f0>
22,0.95,MLP,3891.0,1079.0,6000,4508.0,1326.0,6000,0.6672671749731478,2.352910578132012,0.22093639167002835,0.24874522009073013,<function <lambda> at 0x7f5051fa9d80>,<function <lambda> at 0x7f50349141f0>
22,0.99,MLP,4913.0,1278.0,6000,5242.0,1326.0,6000,0.6672671749731478,2.352910578132012,0.22093639167002835,0.24874522009073013,<function <lambda> at 0x7f5051fa9d80>,<function <lambda> at 0x7f50349141f0>
22,0.9,RF,2943.0,811.0,6000,3655.0,1331.0,6000,0.9310093167042818,3.267742205475976,0.22173479706673443,0.19235387491276348,<function <lambda> at 0x7f5051fa9d80>,<function <lambda> at 0x7f50349141f0>
22,0.95,RF,3521.0,1084.0,6000,4102.0,1331.0,6000,0.9310093167042818,3.267742205475976,0.22173479706673443,0.19235387491276348,<function <lambda> at 0x7f5051fa9d80>,<function <lambda> at 0x7f50349141f0>
22,0.99,RF,4480.0,1283.0,6000,4845.0,1331.0,6000,0.9310093167042818,3.267742205475976,0.22173479706673443,0.19235387491276348,<function <lambda> at 0x7f5051fa9d80>,<function <lambda> at 0x7f50349141f0>
22,0.9,AB,3061.0,822.0,6000,3810.0,1341.0,6000,0.8255053782610755,2.8689012522334645,0.22344735185541065,0.21301946736017058,<function <lambda> at 0x7f5051fa9d80>,<function <lambda> at 0x7f50349141f0>
22,0.95,AB,3676.0,1095.0,6000,4270.0,1341.0,6000,0.8255053782610755,2.8689012522334645,0.22344735185541065,0.21301946736017058,<function <lambda> at 0x7f5051fa9d80>,<function <lambda> at 0x7f50349141f0>
22,0.99,AB,4661.0,1293.0,6000,5011.0,1341.0,6000,0.8255053782610755,2.8689012522334645,0.22344735185541065,0.21301946736017058,<function <lambda> at 0x7f5051fa9d80>,<function <lambda> at 0x7f50349141f0>
22,0.9,KNN,3467.0,820.0,6000,4320.0,1339.0,6000,0.529416418194594,1.8430874530423793,0.2231467036210008,0.29651559736630284,<function <lambda> at 0x7f5051fa9d80>,<function <lambda> at 0x7f50349141f0>
22,0.95,KNN,4210.0,1093.0,6000,4825.0,1339.0,6000,0.529416418194594,1.8430874530423793,0.2231467036210008,0.29651559736630284,<function <lambda> at 0x7f5051fa9d80>,<function <lambda> at 0x7f50349141f0>
22,0.99,KNN,5227.0,1291.0,6000,5507.0,1339.0,6000,0.529416418194594,1.8430874530423793,0.2231467036210008,0.29651559736630284,<function <lambda> at 0x7f5051fa9d80>,<function <lambda> at 0x7f50349141f0>
23,0.9,LR,2731.0,1076.0,6000,3223.0,1570.0,6000,2.35285098496042,6.643336881056387,0.26153866726686964,0.10003813587773948,<function <lambda> at 0x7f5051fa9d80>,<function <lambda> at 0x7f50349141f0>
23,0.95,LR,3114.0,1336.0,6000,3540.0,1570.0,6000,2.35285098496042,6.643336881056387,0.26153866726686964,0.10003813587773948,<function <lambda> at 0x7f5051fa9d80>,<function <lambda> at 0x7f50349141f0>
23,0.99,LR,3808.0,1524.0,6000,4119.0,1570.0,6000,2.35285098496042,6.643336881056387,0.26153866726686964,0.10003813587773948,<function <lambda> at 0x7f5051fa9d80>,<function <lambda> at 0x7f50349141f0>
23,0.9,MLP,3162.0,774.0,6000,3971.0,1297.0,6000,0.6595090983586991,2.391964859981086,0.21612804413953385,0.24682375112927554,<function <lambda> at 0x7f5051fa9d80>,<function <lambda> at 0x7f50349141f0>
23,0.95,MLP,3840.0,1049.0,6000,4462.0,1297.0,6000,0.6595090983586991,2.391964859981086,0.21612804413953385,0.24682375112927554,<function <lambda> at 0x7f5051fa9d80>,<function <lambda> at 0x7f50349141f0>
23,0.99,MLP,4873.0,1249.0,6000,5212.0,1297.0,6000,0.6595090983586991,2.391964859981086,0.21612804413953385,0.24682375112927554,<function <lambda> at 0x7f5051fa9d80>,<function <lambda> at 0x7f50349141f0>
23,0.9,RF,2936.0,791.0,6000,3661.0,1313.0,6000,0.8955547908928205,3.1995394078701342,0.21868966803336282,0.19626722509719083,<function <lambda> at 0x7f5051fa9d80>,<function <lambda> at 0x7f50349141f0>
23,0.95,RF,3524.0,1065.0,6000,4110.0,1313.0,6000,0.8955547908928205,3.1995394078701342,0.21868966803336282,0.19626722509719083,<function <lambda> at 0x7f5051fa9d80>,<function <lambda> at 0x7f50349141f0>
23,0.99,RF,4495.0,1264.0,6000,4856.0,1313.0,6000,0.8955547908928205,3.1995394078701342,0.21868966803336282,0.19626722509719083,<function <lambda> at 0x7f5051fa9d80>,<function <lambda> at 0x7f50349141f0>
23,0.9,AB,3035.0,786.0,6000,3795.0,1308.0,6000,0.784461047674172,2.8155803182244914,0.21790334275182704,0.21738934945526087,<function <lambda> at 0x7f5051fa9d80>,<function <lambda> at 0x7f50349141f0>
23,0.95,AB,3661.0,1060.0,6000,4264.0,1308.0,6000,0.784461047674172,2.8155803182244914,0.21790334275182704,0.21738934945526087,<function <lambda> at 0x7f5051fa9d80>,<function <lambda> at 0x7f50349141f0>
23,0.99,AB,4663.0,1260.0,6000,5016.0,1308.0,6000,0.784461047674172,2.8155803182244914,0.21790334275182704,0.21738934945526087,<function <lambda> at 0x7f5051fa9d80>,<function <lambda> at 0x7f50349141f0>
23,0.9,KNN,3403.0,778.0,6000,4267.0,1301.0,6000,0.5166127939422591,1.8661586416085298,0.21681172865950593,0.2956155977582855,<function <lambda> at 0x7f5051fa9d80>,<function <lambda> at 0x7f50349141f0>
23,0.95,KNN,4154.0,1053.0,6000,4780.0,1301.0,6000,0.5166127939422591,1.8661586416085298,0.21681172865950593,0.2956155977582855,<function <lambda> at 0x7f5051fa9d80>,<function <lambda> at 0x7f50349141f0>
23,0.99,KNN,5193.0,1253.0,6000,5478.0,1301.0,6000,0.5166127939422591,1.8661586416085298,0.21681172865950593,0.2956155977582855,<function <lambda> at 0x7f5051fa9d80>,<function <lambda> at 0x7f50349141f0>
24,0.9,LR,2738.0,1101.0,6000,3225.0,1590.0,6000,2.4632545057365616,6.826720880223507,0.2651518872115932,0.09718196229744418,<function <lambda> at 0x7f5051fa9d80>,<function <lambda> at 0x7f50349141f0>
24,0.95,LR,3115.0,1358.0,6000,3532.0,1591.0,6000,2.4632545057365616,6.826720880223507,0.2651518872115932,0.09718196229744418,<function <lambda> at 0x7f5051fa9d80>,<function <lambda> at 0x7f50349141f0>
24,0.99,LR,3797.0,1546.0,6000,4105.0,1591.0,6000,2.4632545057365616,6.826720880223507,0.2651518872115932,0.09718196229744418,<function <lambda> at 0x7f5051fa9d80>,<function <lambda> at 0x7f50349141f0>
24,0.9,MLP,3350.0,829.0,6000,4173.0,1347.0,6000,0.606939224664334,2.0976850653255474,0.2244079619157028,0.2699329059365238,<function <lambda> at 0x7f5051fa9d80>,<function <lambda> at 0x7f50349141f0>
24,0.95,MLP,4054.0,1101.0,6000,4669.0,1347.0,6000,0.606939224664334,2.0976850653255474,0.2244079619157028,0.2699329059365238,<function <lambda> at 0x7f5051fa9d80>,<function <lambda> at 0x7f50349141f0>
24,0.99,MLP,5073.0,1299.0,6000,5371.0,1347.0,6000,0.606939224664334,2.0976850653255474,0.2244079619157028,0.2699329059365238,<function <lambda> at 0x7f5051fa9d80>,<function <lambda> at 0x7f50349141f0>
24,0.9,RF,2993.0,839.0,6000,3708.0,1356.0,6000,0.9305151518830745,3.188740582651237,0.22589399926835832,0.19534089560207682,<function <lambda> at 0x7f5051fa9d80>,<function <lambda> at 0x7f50349141f0>
24,0.95,RF,3575.0,1110.0,6000,4152.0,1356.0,6000,0.9305151518830745,3.188740582651237,0.22589399926835832,0.19534089560207682,<function <lambda> at 0x7f5051fa9d80>,<function <lambda> at 0x7f50349141f0>
24,0.99,RF,4531.0,1308.0,6000,4888.0,1356.0,6000,0.9305151518830745,3.188740582651237,0.22589399926835832,0.19534089560207682,<function <lambda> at 0x7f5051fa9d80>,<function <lambda> at 0x7f50349141f0>
24,0.9,AB,3119.0,838.0,6000,3873.0,1356.0,6000,0.7993311298063562,2.7399005724347716,0.22584877087877583,0.22030159850757913,<function <lambda> at 0x7f5051fa9d80>,<function <lambda> at 0x7f50349141f0>
24,0.95,AB,3744.0,1110.0,6000,4338.0,1356.0,6000,0.7993311298063562,2.7399005724347716,0.22584877087877583,0.22030159850757913,<function <lambda> at 0x7f5051fa9d80>,<function <lambda> at 0x7f50349141f0>
24,0.99,AB,4732.0,1308.0,6000,5073.0,1356.0,6000,0.7993311298063562,2.7399005724347716,0.22584877087877583,0.22030159850757913,<function <lambda> at 0x7f5051fa9d80>,<function <lambda> at 0x7f50349141f0>
24,0.9,KNN,3581.0,843.0,6000,4440.0,1360.0,6000,0.4961845135360893,1.6939819670397644,0.226551048943836,0.3134632647194924,<function <lambda> at 0x7f5051fa9d80>,<function <lambda> at 0x7f50349141f0>
24,0.95,KNN,4340.0,1115.0,6000,4943.0,1360.0,6000,0.4961845135360893,1.6939819670397644,0.226551048943836,0.3134632647194924,<function <lambda> at 0x7f5051fa9d80>,<function <lambda> at 0x7f50349141f0>
24,0.99,KNN,5335.0,1312.0,6000,5582.0,1360.0,6000,0.4961845135360893,1.6939819670397644,0.226551048943836,0.3134632647194924,<function <lambda> at 0x7f5051fa9d80>,<function <lambda> at 0x7f50349141f0>
