seed,alpha,method,VaR,lb_bound,ub_bound,CVaR_beta,CVaR_lb_bound,CVaR_ub_bound,a,b,mu_1,mu_2,pi,rho,mom1_pi,mom2_rho
0,0.9,LR,2736.0,1092.0,6000,3223.0,1582.0,6000,2.4212993845022144,6.756253758741586,0.2638284242771935,0.08868890320587051,0.26382842427719333,0.09825544371279785,0.26382842427719333,0.09825544371279785
0,0.95,LR,3115.0,1350.0,6000,3535.0,1582.0,6000,2.4212993845022144,6.756253758741586,0.2638284242771935,0.08868890320587051,0.26382842427719333,0.09825544371279785,0.26382842427719333,0.09825544371279785
0,0.99,LR,3801.0,1538.0,6000,4115.0,1583.0,6000,2.4212993845022144,6.756253758741586,0.2638284242771935,0.08868890320587051,0.26382842427719333,0.09825544371279785,0.26382842427719333,0.09825544371279785
0,0.9,MLP,3087.0,738.0,6000,3894.0,1265.0,6000,0.6625727469852792,2.4812211585168886,0.2107557832673427,0.08455942296371023,0.21075578326736544,0.24132474317127373,0.21075578326736544,0.24132474317127373
0,0.95,MLP,3760.0,1015.0,6000,4388.0,1265.0,6000,0.6625727469852792,2.4812211585168886,0.2107557832673427,0.08455942296371023,0.21075578326736544,0.24132474317127373,0.21075578326736544,0.24132474317127373
0,0.99,MLP,4803.0,1216.0,6000,5153.0,1265.0,6000,0.6625727469852792,2.4812211585168886,0.2107557832673427,0.08455942296371023,0.21075578326736544,0.24132474317127373,0.21075578326736544,0.24132474317127373
0,0.9,RF,2938.0,805.0,6000,3651.0,1325.0,6000,0.9230825205678477,3.2584893112890057,0.22075012881848716,0.08192894509912793,0.22075012882367417,0.192991631198065,0.22075012882367417,0.192991631198065
0,0.95,RF,3518.0,1078.0,6000,4098.0,1325.0,6000,0.9230825205678477,3.2584893112890057,0.22075012881848716,0.08192894509912793,0.22075012882367417,0.192991631198065,0.22075012882367417,0.192991631198065
0,0.99,RF,4480.0,1277.0,6000,4839.0,1325.0,6000,0.9230825205678477,3.2584893112890057,0.22075012881848716,0.08192894509912793,0.22075012882367417,0.192991631198065,0.22075012882367417,0.192991631198065
0,0.9,AB,3017.0,801.0,6000,3763.0,1320.0,6000,0.8290730772293247,2.9367542584299287,0.2201569544569104,0.08449386219868872,0.220156954456911,0.2098271568753069,0.220156954456911,0.2098271568753069
0,0.95,AB,3628.0,1074.0,6000,4225.0,1321.0,6000,0.8290730772293247,2.9367542584299287,0.2201569544569104,0.08449386219868872,0.220156954456911,0.2098271568753069,0.220156954456911,0.2098271568753069
0,0.99,AB,4616.0,1273.0,6000,4971.0,1321.0,6000,0.8290730772293247,2.9367542584299287,0.2201569544569104,0.08449386219868872,0.220156954456911,0.2098271568753069,0.220156954456911,0.2098271568753069
0,0.9,KNN,3421.0,784.0,6000,4286.0,1307.0,6000,0.5137983103176429,1.8461726077601364,0.2177138312940799,0.09808859599718107,0.2177138312942165,0.29762162363360406,0.2177138312942165,0.29762162363360406
0,0.95,KNN,4173.0,1059.0,6000,4801.0,1307.0,6000,0.5137983103176429,1.8461726077601364,0.2177138312940799,0.09808859599718107,0.2177138312942165,0.29762162363360406,0.2177138312942165,0.29762162363360406
0,0.99,KNN,5209.0,1258.0,6000,5488.0,1307.0,6000,0.5137983103176429,1.8461726077601364,0.2177138312940799,0.09808859599718107,0.2177138312942165,0.29762162363360406,0.2177138312942165,0.29762162363360406
1,0.9,LR,2746.0,1117.0,6000,3224.0,1606.0,6000,2.5323779628099725,6.929793726128278,0.26763179173449675,0.0903614155242587,0.2676317917344967,0.09558244977544281,0.2676317917344967,0.09558244977544281
1,0.95,LR,3118.0,1374.0,6000,3534.0,1606.0,6000,2.5323779628099725,6.929793726128278,0.26763179173449675,0.0903614155242587,0.2676317917344967,0.09558244977544281,0.2676317917344967,0.09558244977544281
1,0.99,LR,3793.0,1561.0,6000,4105.0,1606.0,6000,2.5323779628099725,6.929793726128278,0.26763179173449675,0.0903614155242587,0.2676317917344967,0.09558244977544281,0.2676317917344967,0.09558244977544281
1,0.9,MLP,3438.0,827.0,6000,4281.0,1344.0,6000,0.5526352745756331,1.9127759475361261,0.22415541456902882,0.10043010232849106,0.2241554145690433,0.28856604192290286,0.2241554145690433,0.28856604192290286
1,0.95,MLP,4169.0,1099.0,6000,4782.0,1345.0,6000,0.5526352745756331,1.9127759475361261,0.22415541456902882,0.10043010232849106,0.2241554145690433,0.28856604192290286,0.2241554145690433,0.28856604192290286
1,0.99,MLP,5186.0,1297.0,6000,5466.0,1345.0,6000,0.5526352745756331,1.9127759475361261,0.22415541456902882,0.10043010232849106,0.2241554145690433,0.28856604192290286,0.2241554145690433,0.28856604192290286
1,0.9,RF,2959.0,818.0,6000,3672.0,1337.0,6000,0.9268081696058604,3.2336674140060095,0.22276495822772605,0.08317553962953697,0.2227649582313526,0.19378058936577502,0.2227649582313526,0.19378058936577502
1,0.95,RF,3539.0,1091.0,6000,4121.0,1337.0,6000,0.9268081696058604,3.2336674140060095,0.22276495822772605,0.08317553962953697,0.2227649582313526,0.19378058936577502,0.2227649582313526,0.19378058936577502
1,0.99,RF,4499.0,1289.0,6000,4857.0,1337.0,6000,0.9268081696058604,3.2336674140060095,0.22276495822772605,0.08317553962953697,0.2227649582313526,0.19378058936577502,0.2227649582313526,0.19378058936577502
1,0.9,AB,3036.0,815.0,6000,3780.0,1335.0,6000,0.8370732779749943,2.927680925948785,0.22234473557342607,0.08572605316825195,0.22234473557465256,0.2098744147550149,0.22234473557465256,0.2098744147550149
1,0.95,AB,3646.0,1088.0,6000,4239.0,1335.0,6000,0.8370732779749943,2.927680925948785,0.22234473557342607,0.08572605316825195,0.22234473557465256,0.2098744147550149,0.22234473557465256,0.2098744147550149
1,0.99,AB,4629.0,1286.0,6000,4987.0,1335.0,6000,0.8370732779749943,2.927680925948785,0.22234473557342607,0.08572605316825195,0.22234473557465256,0.2098744147550149,0.22234473557465256,0.2098744147550149
1,0.9,KNN,3478.0,815.0,6000,4336.0,1335.0,6000,0.5181853682379152,1.8118567509332475,0.222393133605149,0.10139030960192616,0.2223931335722991,0.30029650203009955,0.2223931335722991,0.30029650203009955
1,0.95,KNN,4227.0,1088.0,6000,4844.0,1335.0,6000,0.5181853682379152,1.8118567509332475,0.222393133605149,0.10139030960192616,0.2223931335722991,0.30029650203009955,0.2223931335722991,0.30029650203009955
1,0.99,KNN,5245.0,1287.0,6000,5523.0,1335.0,6000,0.5181853682379152,1.8118567509332475,0.222393133605149,0.10139030960192616,0.2223931335722991,0.30029650203009955,0.2223931335722991,0.30029650203009955
2,0.9,LR,2713.0,1083.0,6000,3195.0,1575.0,6000,2.4639623264027835,6.924109321067995,0.2624567023906979,0.08751769916937752,0.26245670239069757,0.09626425711488751,0.26245670239069757,0.09626425711488751
2,0.95,LR,3088.0,1341.0,6000,3503.0,1575.0,6000,2.4639623264027835,6.924109321067995,0.2624567023906979,0.08751769916937752,0.26245670239069757,0.09626425711488751,0.26245670239069757,0.09626425711488751
2,0.99,LR,3768.0,1530.0,6000,4081.0,1575.0,6000,2.4639623264027835,6.924109321067995,0.2624567023906979,0.08751769916937752,0.26245670239069757,0.09626425711488751,0.26245670239069757,0.09626425711488751
2,0.9,MLP,3283.0,783.0,6000,4117.0,1304.0,6000,0.5903425451207764,2.1239670996191435,0.21749270436585175,0.09312306568092163,0.21749270436584323,0.2692290346380158,0.21749270436584323,0.2692290346380158
2,0.95,MLP,3994.0,1057.0,6000,4622.0,1304.0,6000,0.5903425451207764,2.1239670996191435,0.21749270436585175,0.09312306568092163,0.21749270436584323,0.2692290346380158,0.21749270436584323,0.2692290346380158
2,0.99,MLP,5033.0,1257.0,6000,5349.0,1305.0,6000,0.5903425451207764,2.1239670996191435,0.21749270436585175,0.09312306568092163,0.21749270436584323,0.2692290346380158,0.21749270436584323,0.2692290346380158
2,0.9,RF,2942.0,825.0,6000,3648.0,1342.0,6000,0.9615794322304253,3.3345542291704753,0.2238243751250696,0.08289996415200857,0.22382437512823325,0.1888169868687729,0.22382437512823325,0.1888169868687729
2,0.95,RF,3513.0,1097.0,6000,4089.0,1343.0,6000,0.9615794322304253,3.3345542291704753,0.2238243751250696,0.08289996415200857,0.22382437512823325,0.1888169868687729,0.22382437512823325,0.1888169868687729
2,0.99,RF,4463.0,1295.0,6000,4821.0,1343.0,6000,0.9615794322304253,3.3345542291704753,0.2238243751250696,0.08289996415200857,0.22382437512823325,0.1888169868687729,0.22382437512823325,0.1888169868687729
2,0.9,AB,3054.0,811.0,6000,3805.0,1331.0,6000,0.8113701750317139,2.8489331808158496,0.2216674674645692,0.08615787614747898,0.2216674674615423,0.2145783060978723,0.2216674674615423,0.2145783060978723
2,0.95,AB,3672.0,1084.0,6000,4271.0,1331.0,6000,0.8113701750317139,2.8489331808158496,0.2216674674645692,0.08615787614747898,0.2216674674615423,0.2145783060978723,0.2216674674615423,0.2145783060978723
2,0.99,AB,4663.0,1282.0,6000,5013.0,1331.0,6000,0.8113701750317139,2.8489331808158496,0.2216674674645692,0.08615787614747898,0.2216674674615423,0.2145783060978723,0.2216674674615423,0.2145783060978723
2,0.9,KNN,3569.0,839.0,6000,4429.0,1356.0,6000,0.49716491431371895,1.704121108229191,0.22585202886965358,0.10562559267403974,0.2258520288696503,0.3123744623123865,0.2258520288696503,0.3123744623123865
2,0.95,KNN,4328.0,1110.0,6000,4933.0,1356.0,6000,0.49716491431371895,1.704121108229191,0.22585202886965358,0.10562559267403974,0.2258520288696503,0.3123744623123865,0.2258520288696503,0.3123744623123865
2,0.99,KNN,5326.0,1308.0,6000,5581.0,1356.0,6000,0.49716491431371895,1.704121108229191,0.22585202886965358,0.10562559267403974,0.2258520288696503,0.3123744623123865,0.2258520288696503,0.3123744623123865
3,0.9,LR,2751.0,1096.0,6000,3244.0,1587.0,6000,2.3825734258003948,6.626648454348754,0.26445940143289604,0.08937291571726678,0.26445940143289615,0.09990786616322855,0.26445940143289615,0.09990786616322855
3,0.95,LR,3134.0,1354.0,6000,3556.0,1587.0,6000,2.3825734258003948,6.626648454348754,0.26445940143289604,0.08937291571726678,0.26445940143289615,0.09990786616322855,0.26445940143289615,0.09990786616322855
3,0.99,LR,3825.0,1542.0,6000,4139.0,1587.0,6000,2.3825734258003948,6.626648454348754,0.26445940143289604,0.08937291571726678,0.26445940143289615,0.09990786616322855,0.26445940143289615,0.09990786616322855
3,0.9,MLP,3253.0,766.0,6000,4090.0,1291.0,6000,0.5880996056727705,2.1466622783403344,0.21504600057164314,0.0914420997416768,0.215046000571636,0.26775468719453466,0.215046000571636,0.26775468719453466
3,0.95,MLP,3965.0,1042.0,6000,4595.0,1291.0,6000,0.5880996056727705,2.1466622783403344,0.21504600057164314,0.0914420997416768,0.215046000571636,0.26775468719453466,0.215046000571636,0.26775468719453466
3,0.99,MLP,5011.0,1242.0,6000,5328.0,1291.0,6000,0.5880996056727705,2.1466622783403344,0.21504600057164314,0.0914420997416768,0.215046000571636,0.26775468719453466,0.215046000571636,0.26775468719453466
3,0.9,RF,2917.0,794.0,6000,3632.0,1315.0,6000,0.9238224915651179,3.2924558405858626,0.21910851674711648,0.08080970104880969,0.219108516750558,0.19170756166066022,0.219108516750558,0.19170756166066022
3,0.95,RF,3496.0,1068.0,6000,4077.0,1315.0,6000,0.9238224915651179,3.2924558405858626,0.21910851674711648,0.08080970104880969,0.219108516750558,0.19170756166066022,0.219108516750558,0.19170756166066022
3,0.99,RF,4459.0,1267.0,6000,4817.0,1315.0,6000,0.9238224915651179,3.2924558405858626,0.21910851674711648,0.08080970104880969,0.219108516750558,0.19170756166066022,0.219108516750558,0.19170756166066022
3,0.9,AB,3057.0,801.0,6000,3816.0,1322.0,6000,0.7905649526072427,2.799859953098123,0.22018701779586103,0.08588729043238663,0.22018701779585897,0.21784475741169756,0.22018701779585897,0.21784475741169756
3,0.95,AB,3682.0,1074.0,6000,4285.0,1322.0,6000,0.7905649526072427,2.799859953098123,0.22018701779586103,0.08588729043238663,0.22018701779585897,0.21784475741169756,0.22018701779585897,0.21784475741169756
3,0.99,AB,4680.0,1273.0,6000,5030.0,1322.0,6000,0.7905649526072427,2.799859953098123,0.22018701779586103,0.08588729043238663,0.22018701779585897,0.21784475741169756,0.22018701779585897,0.21784475741169756
3,0.9,KNN,3331.0,768.0,6000,4187.0,1293.0,6000,0.5440998894175479,1.9825478345218148,0.2153445786147917,0.09428600927981516,0.21534457861392228,0.2835553982927936,0.21534457861392228,0.2835553982927936
3,0.95,KNN,4067.0,1044.0,6000,4698.0,1293.0,6000,0.5440998894175479,1.9825478345218148,0.2153445786147917,0.09428600927981516,0.21534457861392228,0.2835553982927936,0.21534457861392228,0.2835553982927936
3,0.99,KNN,5113.0,1244.0,6000,5418.0,1293.0,6000,0.5440998894175479,1.9825478345218148,0.2153445786147917,0.09428600927981516,0.21534457861392228,0.2835553982927936,0.21534457861392228,0.2835553982927936
4,0.9,LR,2727.0,1088.0,6000,3213.0,1580.0,6000,2.4372792779745334,6.819458311659259,0.26329786864693383,0.0882374439168312,0.26329786864693383,0.09749688838785082,0.26329786864693383,0.09749688838785082
4,0.95,LR,3105.0,1347.0,6000,3521.0,1580.0,6000,2.4372792779745334,6.819458311659259,0.26329786864693383,0.0882374439168312,0.26329786864693383,0.09749688838785082,0.26329786864693383,0.09749688838785082
4,0.99,LR,3789.0,1535.0,6000,4096.0,1580.0,6000,2.4372792779745334,6.819458311659259,0.26329786864693383,0.0882374439168312,0.26329786864693383,0.09749688838785082,0.26329786864693383,0.09749688838785082
4,0.9,MLP,3120.0,688.0,6000,3971.0,1220.0,6000,0.5683146439335904,2.2284326831136725,0.20320557328773747,0.08393771006192415,0.2032055732877389,0.2633833420718312,0.2032055732877389,0.2633833420718312
4,0.95,MLP,3838.0,967.0,6000,4488.0,1220.0,6000,0.5683146439335904,2.2284326831136725,0.20320557328773747,0.08393771006192415,0.2032055732877389,0.2633833420718312,0.2032055732877389,0.2633833420718312
4,0.99,MLP,4917.0,1170.0,6000,5259.0,1220.0,6000,0.5683146439335904,2.2284326831136725,0.20320557328773747,0.08393771006192415,0.2032055732877389,0.2633833420718312,0.2032055732877389,0.2633833420718312
4,0.9,RF,2885.0,785.0,6000,3594.0,1307.0,6000,0.942253644058761,3.384869070356522,0.21775523973974173,0.07939293509296455,0.21775523973927466,0.1877185966251506,0.21775523973927466,0.1877185966251506
4,0.95,RF,3457.0,1059.0,6000,4038.0,1307.0,6000,0.942253644058761,3.384869070356522,0.21775523973974173,0.07939293509296455,0.21775523973927466,0.1877185966251506,0.21775523973927466,0.1877185966251506
4,0.99,RF,4415.0,1259.0,6000,4785.0,1307.0,6000,0.942253644058761,3.384869070356522,0.21775523973974173,0.07939293509296455,0.21775523973927466,0.1877185966251506,0.21775523973927466,0.1877185966251506
4,0.9,AB,2967.0,769.0,6000,3715.0,1293.0,6000,0.8200538051673932,2.9861905925228642,0.21544959269168973,0.0815875803545739,0.2154495926916901,0.20806266124972156,0.2154495926916901,0.20806266124972156
4,0.95,AB,3578.0,1044.0,6000,4179.0,1293.0,6000,0.8200538051673932,2.9861905925228642,0.21544959269168973,0.0815875803545739,0.2154495926916901,0.20806266124972156,0.2154495926916901,0.20806266124972156
4,0.99,AB,4573.0,1245.0,6000,4936.0,1293.0,6000,0.8200538051673932,2.9861905925228642,0.21544959269168973,0.0815875803545739,0.2154495926916901,0.20806266124972156,0.2154495926916901,0.20806266124972156
4,0.9,KNN,3307.0,751.0,6000,4168.0,1277.0,6000,0.5371139571966567,1.9875825990763902,0.2127439655519288,0.09277726849344319,0.2127439655518616,0.28371236616674395,0.2127439655518616,0.28371236616674395
4,0.95,KNN,4046.0,1027.0,6000,4685.0,1277.0,6000,0.5371139571966567,1.9875825990763902,0.2127439655519288,0.09277726849344319,0.2127439655518616,0.28371236616674395,0.2127439655518616,0.28371236616674395
4,0.99,KNN,5101.0,1228.0,6000,5410.0,1277.0,6000,0.5371139571966567,1.9875825990763902,0.2127439655519288,0.09277726849344319,0.2127439655518616,0.28371236616674395,0.2127439655518616,0.28371236616674395
5,0.9,LR,2749.0,1101.0,6000,3239.0,1592.0,6000,2.422661076474846,6.709185743826525,0.2652980414749109,0.0896209048879183,0.2652980414749109,0.09869868916654773,0.2652980414749109,0.09869868916654773
5,0.95,LR,3129.0,1359.0,6000,3551.0,1592.0,6000,2.422661076474846,6.709185743826525,0.2652980414749109,0.0896209048879183,0.2652980414749109,0.09869868916654773,0.2652980414749109,0.09869868916654773
5,0.99,LR,3816.0,1547.0,6000,4128.0,1592.0,6000,2.422661076474846,6.709185743826525,0.2652980414749109,0.0896209048879183,0.2652980414749109,0.09869868916654773,0.2652980414749109,0.09869868916654773
5,0.9,MLP,3211.0,750.0,6000,4046.0,1276.0,6000,0.593983050454776,2.199410470421434,0.21263851513069684,0.08935065321510031,0.21263851513067872,0.26361620393367907,0.21263851513067872,0.26361620393367907
5,0.95,MLP,3919.0,1027.0,6000,4552.0,1276.0,6000,0.593983050454776,2.199410470421434,0.21263851513069684,0.08935065321510031,0.21263851513067872,0.26361620393367907,0.21263851513067872,0.26361620393367907
5,0.99,MLP,4971.0,1228.0,6000,5291.0,1276.0,6000,0.593983050454776,2.199410470421434,0.21263851513069684,0.08935065321510031,0.21263851513067872,0.26361620393367907,0.21263851513067872,0.26361620393367907
5,0.9,RF,2904.0,793.0,6000,3614.0,1315.0,6000,0.9380138747981723,3.3449999487498783,0.2190079027117196,0.08034057231691841,0.21900790271583134,0.18928589502126347,0.21900790271583134,0.18928589502126347
5,0.95,RF,3478.0,1067.0,6000,4059.0,1315.0,6000,0.9380138747981723,3.3449999487498783,0.2190079027117196,0.08034057231691841,0.21900790271583134,0.18928589502126347,0.21900790271583134,0.18928589502126347
5,0.99,RF,4437.0,1266.0,6000,4801.0,1315.0,6000,0.9380138747981723,3.3449999487498783,0.2190079027117196,0.08034057231691841,0.21900790271583134,0.18928589502126347,0.21900790271583134,0.18928589502126347
5,0.9,AB,3074.0,814.0,6000,3832.0,1334.0,6000,0.7978185483503194,2.792973883966683,0.22218453543871178,0.08701057276547838,0.2221845354161887,0.2178273173407872,0.2221845354161887,0.2178273173407872
5,0.95,AB,3698.0,1087.0,6000,4298.0,1334.0,6000,0.7978185483503194,2.792973883966683,0.22218453543871178,0.08701057276547838,0.2221845354161887,0.2178273173407872,0.2221845354161887,0.2178273173407872
5,0.99,AB,4692.0,1285.0,6000,5035.0,1334.0,6000,0.7978185483503194,2.792973883966683,0.22218453543871178,0.08701057276547838,0.2221845354161887,0.2178273173407872,0.2221845354161887,0.2178273173407872
5,0.9,KNN,3357.0,793.0,6000,4206.0,1314.0,6000,0.5576034796440006,1.989068353483912,0.21895380173857198,0.09615865789546797,0.2189538017386136,0.2819544764924222,0.2189538017386136,0.2819544764924222
5,0.95,KNN,4086.0,1067.0,6000,4711.0,1314.0,6000,0.5576034796440006,1.989068353483912,0.21895380173857198,0.09615865789546797,0.2189538017386136,0.2819544764924222,0.2189538017386136,0.2819544764924222
5,0.99,KNN,5121.0,1266.0,6000,5421.0,1314.0,6000,0.5576034796440006,1.989068353483912,0.21895380173857198,0.09615865789546797,0.2189538017386136,0.2819544764924222,0.2189538017386136,0.2819544764924222
6,0.9,LR,2725.0,1087.0,6000,3209.0,1579.0,6000,2.438054812619616,6.829746056162103,0.2630672418558457,0.08808503480574137,0.26306724185584557,0.09739183811408007,0.26306724185584557,0.09739183811408007
6,0.95,LR,3102.0,1345.0,6000,3521.0,1579.0,6000,2.438054812619616,6.829746056162103,0.2630672418558457,0.08808503480574137,0.26306724185584557,0.09739183811408007,0.26306724185584557,0.09739183811408007
6,0.99,LR,3786.0,1533.0,6000,4095.0,1579.0,6000,2.438054812619616,6.829746056162103,0.2630672418558457,0.08808503480574137,0.26306724185584557,0.09739183811408007,0.26306724185584557,0.09739183811408007
6,0.9,MLP,3360.0,791.0,6000,4208.0,1313.0,6000,0.5549163010378033,1.9812785611539743,0.21879876397122658,0.09620899809092695,0.21879876397125303,0.28278984585713346,0.21879876397125303,0.28278984585713346
6,0.95,MLP,4090.0,1066.0,6000,4716.0,1313.0,6000,0.5549163010378033,1.9812785611539743,0.21879876397122658,0.09620899809092695,0.21879876397125303,0.28278984585713346,0.21879876397125303,0.28278984585713346
6,0.99,MLP,5126.0,1265.0,6000,5417.0,1313.0,6000,0.5549163010378033,1.9812785611539743,0.21879876397122658,0.09620899809092695,0.21879876397125303,0.28278984585713346,0.21879876397125303,0.28278984585713346
6,0.9,RF,2885.0,799.0,6000,3583.0,1320.0,6000,0.9762661920867389,3.4616709475530594,0.2199819784112266,0.07994629868451293,0.2199819784211673,0.18389326215459686,0.2199819784211673,0.18389326215459686
6,0.95,RF,3448.0,1073.0,6000,4023.0,1320.0,6000,0.9762661920867389,3.4616709475530594,0.2199819784112266,0.07994629868451293,0.2199819784211673,0.18389326215459686,0.2199819784211673,0.18389326215459686
6,0.99,RF,4396.0,1272.0,6000,4758.0,1320.0,6000,0.9762661920867389,3.4616709475530594,0.2199819784112266,0.07994629868451293,0.2199819784211673,0.18389326215459686,0.2199819784211673,0.18389326215459686
6,0.9,AB,3012.0,797.0,6000,3756.0,1319.0,6000,0.8287433915007479,2.9435075369365933,0.21969466168149218,0.08418776940331078,0.2196946616814952,0.20954472323345474,0.2196946616814952,0.20954472323345474
6,0.95,AB,3622.0,1071.0,6000,4221.0,1319.0,6000,0.8287433915007479,2.9435075369365933,0.21969466168149218,0.08418776940331078,0.2196946616814952,0.20954472323345474,0.2196946616814952,0.20954472323345474
6,0.99,AB,4611.0,1270.0,6000,4967.0,1319.0,6000,0.8287433915007479,2.9435075369365933,0.21969466168149218,0.08418776940331078,0.2196946616814952,0.20954472323345474,0.2196946616814952,0.20954472323345474
6,0.9,KNN,3442.0,792.0,6000,4309.0,1314.0,6000,0.510870339396087,1.8235145317342156,0.2188458063252977,0.0991630092077609,0.21884580632529757,0.29990539144361467,0.21884580632529757,0.29990539144361467
6,0.95,KNN,4197.0,1066.0,6000,4818.0,1314.0,6000,0.510870339396087,1.8235145317342156,0.2188458063252977,0.0991630092077609,0.21884580632529757,0.29990539144361467,0.21884580632529757,0.29990539144361467
6,0.99,KNN,5227.0,1265.0,6000,5507.0,1314.0,6000,0.510870339396087,1.8235145317342156,0.2188458063252977,0.0991630092077609,0.21884580632529757,0.29990539144361467,0.21884580632529757,0.29990539144361467
7,0.9,LR,2717.0,1081.0,6000,3201.0,1574.0,6000,2.437398392354986,6.8580222354197975,0.262214964761468,0.08754739907283446,0.26221496476146783,0.09713056281568717,0.26221496476146783,0.09713056281568717
7,0.95,LR,3094.0,1340.0,6000,3510.0,1574.0,6000,2.437398392354986,6.8580222354197975,0.262214964761468,0.08754739907283446,0.26221496476146783,0.09713056281568717,0.26221496476146783,0.09713056281568717
7,0.99,LR,3777.0,1528.0,6000,4090.0,1574.0,6000,2.437398392354986,6.8580222354197975,0.262214964761468,0.08754739907283446,0.26221496476146783,0.09713056281568717,0.26221496476146783,0.09713056281568717
7,0.9,MLP,3250.0,837.0,6000,4046.0,1354.0,6000,0.6860240576094606,2.3553912447302388,0.2255607963441765,0.09410092767986841,0.2255607963442928,0.24743806938650167,0.2255607963442928,0.24743806938650167
7,0.95,MLP,3919.0,1108.0,6000,4531.0,1354.0,6000,0.6860240576094606,2.3553912447302388,0.2255607963441765,0.09410092767986841,0.2255607963442928,0.24743806938650167,0.2255607963442928,0.24743806938650167
7,0.99,MLP,4929.0,1306.0,6000,5248.0,1354.0,6000,0.6860240576094606,2.3553912447302388,0.2255607963441765,0.09410092767986841,0.2255607963442928,0.24743806938650167,0.2255607963442928,0.24743806938650167
7,0.9,RF,2854.0,792.0,6000,3548.0,1313.0,6000,0.9973257830383181,3.5606652166913517,0.21880819489416997,0.07863115453305045,0.21880819490373468,0.17992112618545766,0.21880819490373468,0.17992112618545766
7,0.95,RF,3411.0,1066.0,6000,3982.0,1313.0,6000,0.9973257830383181,3.5606652166913517,0.21880819489416997,0.07863115453305045,0.21880819490373468,0.17992112618545766,0.21880819490373468,0.17992112618545766
7,0.99,RF,4353.0,1265.0,6000,4719.0,1313.0,6000,0.9973257830383181,3.5606652166913517,0.21880819489416997,0.07863115453305045,0.21880819490373468,0.17992112618545766,0.21880819490373468,0.17992112618545766
7,0.9,AB,3019.0,795.0,6000,3769.0,1317.0,6000,0.8173574180451647,2.908344640383105,0.21938346256225114,0.08436802789433566,0.21938346256006752,0.21160877000624792,0.21938346256006752,0.21160877000624792
7,0.95,AB,3634.0,1069.0,6000,4232.0,1317.0,6000,0.8173574180451647,2.908344640383105,0.21938346256225114,0.08436802789433566,0.21938346256006752,0.21160877000624792,0.21938346256006752,0.21160877000624792
7,0.99,AB,4626.0,1268.0,6000,4978.0,1317.0,6000,0.8173574180451647,2.908344640383105,0.21938346256225114,0.08436802789433566,0.21938346256006752,0.21160877000624792,0.21938346256006752,0.21160877000624792
7,0.9,KNN,3447.0,803.0,6000,4306.0,1324.0,6000,0.5207410526550379,1.8406528343230433,0.22052274110656458,0.09976753595237736,0.22052274104996505,0.2974956323547693,0.22052274104996505,0.2974956323547693
7,0.95,KNN,4195.0,1076.0,6000,4816.0,1324.0,6000,0.5207410526550379,1.8406528343230433,0.22052274110656458,0.09976753595237736,0.22052274104996505,0.2974956323547693,0.22052274104996505,0.2974956323547693
7,0.99,KNN,5221.0,1275.0,6000,5499.0,1324.0,6000,0.5207410526550379,1.8406528343230433,0.22052274110656458,0.09976753595237736,0.22052274104996505,0.2974956323547693,0.22052274104996505,0.2974956323547693
8,0.9,LR,2724.0,1080.0,6000,3211.0,1573.0,6000,2.402688240974315,6.76524314667557,0.2620752860575479,0.0877032367863087,0.2620752860575478,0.09834842131356378,0.2620752860575478,0.09834842131356378
8,0.95,LR,3103.0,1339.0,6000,3527.0,1573.0,6000,2.402688240974315,6.76524314667557,0.2620752860575479,0.0877032367863087,0.2620752860575478,0.09834842131356378,0.2620752860575478,0.09834842131356378
8,0.99,LR,3791.0,1527.0,6000,4103.0,1573.0,6000,2.402688240974315,6.76524314667557,0.2620752860575479,0.0877032367863087,0.2620752860575478,0.09834842131356378,0.2620752860575478,0.09834842131356378
8,0.9,MLP,3135.0,797.0,6000,3921.0,1318.0,6000,0.7163281254024592,2.5449170257707503,0.2196486593916128,0.08846925216611813,0.21964865939157172,0.23467319164321704,0.21964865939157172,0.23467319164321704
8,0.95,MLP,3789.0,1071.0,6000,4403.0,1318.0,6000,0.7163281254024592,2.5449170257707503,0.2196486593916128,0.08846925216611813,0.21964865939157172,0.23467319164321704,0.21964865939157172,0.23467319164321704
8,0.99,MLP,4805.0,1270.0,6000,5145.0,1318.0,6000,0.7163281254024592,2.5449170257707503,0.2196486593916128,0.08846925216611813,0.21964865939157172,0.23467319164321704,0.21964865939157172,0.23467319164321704
8,0.9,RF,2970.0,813.0,6000,3691.0,1333.0,6000,0.9047356316409351,3.16885772590777,0.22209767942346229,0.08338022657456103,0.222097679427031,0.19709896507810545,0.222097679427031,0.19709896507810545
8,0.95,RF,3557.0,1086.0,6000,4140.0,1333.0,6000,0.9047356316409351,3.16885772590777,0.22209767942346229,0.08338022657456103,0.222097679427031,0.19709896507810545,0.222097679427031,0.19709896507810545
8,0.99,RF,4523.0,1285.0,6000,4880.0,1333.0,6000,0.9047356316409351,3.16885772590777,0.22209767942346229,0.08338022657456103,0.222097679427031,0.19709896507810545,0.222097679427031,0.19709896507810545
8,0.9,AB,3026.0,797.0,6000,3779.0,1318.0,6000,0.8123136514402544,2.8874969900217358,0.21955546652510605,0.08466370234612443,0.21955546652497504,0.21277452993061985,0.21955546652497504,0.21277452993061985
8,0.95,AB,3643.0,1070.0,6000,4243.0,1318.0,6000,0.8123136514402544,2.8874969900217358,0.21955546652510605,0.08466370234612443,0.21955546652497504,0.21277452993061985,0.21955546652497504,0.21277452993061985
8,0.99,AB,4636.0,1270.0,6000,4991.0,1318.0,6000,0.8123136514402544,2.8874969900217358,0.21955546652510605,0.08466370234612443,0.21955546652497504,0.21277452993061985,0.21955546652497504,0.21277452993061985
8,0.9,KNN,3755.0,806.0,6000,4651.0,1325.0,6000,0.39234021160211313,1.3830316221670906,0.22099044500970771,0.11086582317476049,0.22099044500957027,0.36031208064899556,0.22099044500957027,0.36031208064899556
8,0.95,KNN,4575.0,1079.0,6000,5162.0,1326.0,6000,0.39234021160211313,1.3830316221670906,0.22099044500970771,0.11086582317476049,0.22099044500957027,0.36031208064899556,0.22099044500957027,0.36031208064899556
8,0.99,KNN,5534.0,1278.0,6000,5741.0,1326.0,6000,0.39234021160211313,1.3830316221670906,0.22099044500970771,0.11086582317476049,0.22099044500957027,0.36031208064899556,0.22099044500957027,0.36031208064899556
9,0.9,LR,2733.0,1106.0,6000,3213.0,1597.0,6000,2.5224837827367668,6.959038817193858,0.2660420577128852,0.089407700540164,0.266042057712885,0.0954059861500102,0.266042057712885,0.0954059861500102
9,0.95,LR,3106.0,1364.0,6000,3517.0,1597.0,6000,2.5224837827367668,6.959038817193858,0.2660420577128852,0.089407700540164,0.266042057712885,0.0954059861500102,0.266042057712885,0.0954059861500102
9,0.99,LR,3781.0,1551.0,6000,4089.0,1597.0,6000,2.5224837827367668,6.959038817193858,0.2660420577128852,0.089407700540164,0.266042057712885,0.0954059861500102,0.266042057712885,0.0954059861500102
9,0.9,MLP,3227.0,864.0,6000,4000.0,1379.0,6000,0.7461405317120505,2.5021230883237497,0.22970442642325978,0.09441415250212332,0.22970442642331693,0.23539028870142786,0.22970442642331693,0.23539028870142786
9,0.95,MLP,3874.0,1134.0,6000,4471.0,1379.0,6000,0.7461405317120505,2.5021230883237497,0.22970442642325978,0.09441415250212332,0.22970442642331693,0.23539028870142786,0.22970442642331693,0.23539028870142786
9,0.99,MLP,4866.0,1331.0,6000,5189.0,1379.0,6000,0.7461405317120505,2.5021230883237497,0.22970442642325978,0.09441415250212332,0.22970442642331693,0.23539028870142786,0.22970442642331693,0.23539028870142786
9,0.9,RF,2901.0,798.0,6000,3607.0,1319.0,6000,0.952875164049369,3.382657503335201,0.21978272039950875,0.0804433676833572,0.21978272040657815,0.18742271153410275,0.21978272040657815,0.18742271153410275
9,0.95,RF,3471.0,1072.0,6000,4050.0,1319.0,6000,0.952875164049369,3.382657503335201,0.21978272039950875,0.0804433676833572,0.21978272040657815,0.18742271153410275,0.21978272040657815,0.18742271153410275
9,0.99,RF,4426.0,1271.0,6000,4785.0,1319.0,6000,0.952875164049369,3.382657503335201,0.21978272039950875,0.0804433676833572,0.21978272040657815,0.18742271153410275,0.21978272040657815,0.18742271153410275
9,0.9,AB,3045.0,808.0,6000,3797.0,1328.0,6000,0.8147931672737707,2.867396878992762,0.2212794986280449,0.08576681386359375,0.22127949862335608,0.2135752692903562,0.22127949862335608,0.2135752692903562
9,0.95,AB,3662.0,1081.0,6000,4262.0,1328.0,6000,0.8147931672737707,2.867396878992762,0.2212794986280449,0.08576681386359375,0.22127949862335608,0.2135752692903562,0.22127949862335608,0.2135752692903562
9,0.99,AB,4653.0,1280.0,6000,5002.0,1328.0,6000,0.8147931672737707,2.867396878992762,0.2212794986280449,0.08576681386359375,0.22127949862335608,0.2135752692903562,0.22127949862335608,0.2135752692903562
9,0.9,KNN,3468.0,792.0,6000,4338.0,1314.0,6000,0.49836234822792874,1.7785258499520533,0.21887870850477922,0.10008263810601747,0.2188787085050078,0.30516756737547845,0.2188787085050078,0.30516756737547845
9,0.95,KNN,4229.0,1066.0,6000,4852.0,1314.0,6000,0.49836234822792874,1.7785258499520533,0.21887870850477922,0.10008263810601747,0.2188787085050078,0.30516756737547845,0.2188787085050078,0.30516756737547845
9,0.99,KNN,5257.0,1265.0,6000,5528.0,1314.0,6000,0.49836234822792874,1.7785258499520533,0.21887870850477922,0.10008263810601747,0.2188787085050078,0.30516756737547845,0.2188787085050078,0.30516756737547845
10,0.9,LR,2748.0,1106.0,6000,3234.0,1596.0,6000,2.452141355523695,6.769800871918224,0.2659029188262327,0.0898003962662011,0.2659029188262326,0.09782876656408711,0.2659029188262326,0.09782876656408711
10,0.95,LR,3126.0,1363.0,6000,3544.0,1596.0,6000,2.452141355523695,6.769800871918224,0.2659029188262327,0.0898003962662011,0.2659029188262326,0.09782876656408711,0.2659029188262326,0.09782876656408711
10,0.99,LR,3809.0,1550.0,6000,4125.0,1596.0,6000,2.452141355523695,6.769800871918224,0.2659029188262327,0.0898003962662011,0.2659029188262326,0.09782876656408711,0.2659029188262326,0.09782876656408711
10,0.9,MLP,3215.0,764.0,6000,4042.0,1288.0,6000,0.6088748954968074,2.228326934265575,0.21460401199156862,0.08997989229759054,0.2146040119915618,0.2606065681100555,0.2146040119915618,0.2606065681100555
10,0.95,MLP,3916.0,1039.0,6000,4545.0,1288.0,6000,0.6088748954968074,2.228326934265575,0.21460401199156862,0.08997989229759054,0.2146040119915618,0.2606065681100555,0.2146040119915618,0.2606065681100555
10,0.99,MLP,4961.0,1240.0,6000,5284.0,1288.0,6000,0.6088748954968074,2.228326934265575,0.21460401199156862,0.08997989229759054,0.2146040119915618,0.2606065681100555,0.2146040119915618,0.2606065681100555
10,0.9,RF,2983.0,826.0,6000,3701.0,1344.0,6000,0.9153632232129965,3.172217508086941,0.22393765001283752,0.08430764282262347,0.2239376500147782,0.1965570774823829,0.2239376500147782,0.1965570774823829
10,0.95,RF,3568.0,1098.0,6000,4148.0,1344.0,6000,0.9153632232129965,3.172217508086941,0.22393765001283752,0.08430764282262347,0.2239376500147782,0.1965570774823829,0.2239376500147782,0.1965570774823829
10,0.99,RF,4530.0,1296.0,6000,4882.0,1344.0,6000,0.9153632232129965,3.172217508086941,0.22393765001283752,0.08430764282262347,0.2239376500147782,0.1965570774823829,0.2239376500147782,0.1965570774823829
10,0.9,AB,3082.0,823.0,6000,3834.0,1342.0,6000,0.8066999089158415,2.8024251882728786,0.22351674913032799,0.08761482532646725,0.22351674912687558,0.21696091533942916,0.22351674912687558,0.21696091533942916
10,0.95,AB,3703.0,1095.0,6000,4299.0,1342.0,6000,0.8066999089158415,2.8024251882728786,0.22351674913032799,0.08761482532646725,0.22351674912687558,0.21696091533942916,0.22351674912687558,0.21696091533942916
10,0.99,AB,4693.0,1294.0,6000,5035.0,1342.0,6000,0.8066999089158415,2.8024251882728786,0.22351674913032799,0.08761482532646725,0.22351674912687558,0.21696091533942916,0.22351674912687558,0.21696091533942916
10,0.9,KNN,3688.0,802.0,6000,4583.0,1323.0,6000,0.4134633342231845,1.4622639695180646,0.2204282751451599,0.10834382117417586,0.22042827515412686,0.3477381178316265,0.22042827515412686,0.3477381178316265
10,0.95,KNN,4497.0,1076.0,6000,5095.0,1323.0,6000,0.4134633342231845,1.4622639695180646,0.2204282751451599,0.10834382117417586,0.22042827515412686,0.3477381178316265,0.22042827515412686,0.3477381178316265
10,0.99,KNN,5478.0,1275.0,6000,5690.0,1323.0,6000,0.4134633342231845,1.4622639695180646,0.2204282751451599,0.10834382117417586,0.22042827515412686,0.3477381178316265,0.22042827515412686,0.3477381178316265
11,0.9,LR,2719.0,1086.0,6000,3203.0,1579.0,6000,2.460630106304348,6.894120000902817,0.2630353647190009,0.08790826362248479,0.26303536471900074,0.0965740350705301,0.26303536471900074,0.0965740350705301
11,0.95,LR,3095.0,1345.0,6000,3509.0,1579.0,6000,2.460630106304348,6.894120000902817,0.2630353647190009,0.08790826362248479,0.26303536471900074,0.0965740350705301,0.26303536471900074,0.0965740350705301
11,0.99,LR,3776.0,1533.0,6000,4083.0,1579.0,6000,2.460630106304348,6.894120000902817,0.2630353647190009,0.08790826362248479,0.26303536471900074,0.0965740350705301,0.26303536471900074,0.0965740350705301
11,0.9,MLP,3229.0,789.0,6000,4044.0,1311.0,6000,0.6346011423321433,2.270109083554083,0.21847313259570383,0.09145785767720208,0.21847313259570553,0.25610095042917985,0.21847313259570553,0.25610095042917985
11,0.95,MLP,3918.0,1064.0,6000,4544.0,1311.0,6000,0.6346011423321433,2.270109083554083,0.21847313259570383,0.09145785767720208,0.21847313259570553,0.25610095042917985,0.21847313259570553,0.25610095042917985
11,0.99,MLP,4951.0,1263.0,6000,5273.0,1311.0,6000,0.6346011423321433,2.270109083554083,0.21847313259570383,0.09145785767720208,0.21847313259570553,0.25610095042917985,0.21847313259570553,0.25610095042917985
11,0.9,RF,2900.0,800.0,6000,3603.0,1321.0,6000,0.9598527155516968,3.4002730850273886,0.22014335352171216,0.08049224314028512,0.2201433535298947,0.1865627855025276,0.2201433535298947,0.1865627855025276
11,0.95,RF,3468.0,1074.0,6000,4046.0,1321.0,6000,0.9598527155516968,3.4002730850273886,0.22014335352171216,0.08049224314028512,0.2201433535298947,0.1865627855025276,0.2201433535298947,0.1865627855025276
11,0.99,RF,4420.0,1273.0,6000,4787.0,1321.0,6000,0.9598527155516968,3.4002730850273886,0.22014335352171216,0.08049224314028512,0.2201433535298947,0.1865627855025276,0.2201433535298947,0.1865627855025276
11,0.9,AB,3046.0,809.0,6000,3796.0,1329.0,6000,0.8166680704368,2.8707079610033497,0.2214767529862721,0.08583688247043447,0.22147675297380515,0.21333897542944938,0.22147675297380515,0.21333897542944938
11,0.95,AB,3662.0,1083.0,6000,4261.0,1329.0,6000,0.8166680704368,2.8707079610033497,0.2214767529862721,0.08583688247043447,0.22147675297380515,0.21333897542944938,0.22147675297380515,0.21333897542944938
11,0.99,AB,4652.0,1281.0,6000,5004.0,1329.0,6000,0.8166680704368,2.8707079610033497,0.2214767529862721,0.08583688247043447,0.22147675297380515,0.21333897542944938,0.22147675297380515,0.21333897542944938
11,0.9,KNN,3511.0,832.0,6000,4365.0,1350.0,6000,0.5189997200519642,1.7890906821148318,0.22486108851718223,0.1032510871866679,0.22486108844122227,0.3022891996376523,0.22486108844122227,0.3022891996376523
11,0.95,KNN,4259.0,1104.0,6000,4869.0,1350.0,6000,0.5189997200519642,1.7890906821148318,0.22486108851718223,0.1032510871866679,0.22486108844122227,0.3022891996376523,0.22486108844122227,0.3022891996376523
11,0.99,KNN,5267.0,1302.0,6000,5539.0,1350.0,6000,0.5189997200519642,1.7890906821148318,0.22486108851718223,0.1032510871866679,0.22486108844122227,0.3022891996376523,0.22486108844122227,0.3022891996376523
12,0.9,LR,2738.0,1108.0,6000,3220.0,1597.0,6000,2.5117797392823586,6.919236676755874,0.26633181711049375,0.08966515265154949,0.26633181711049375,0.09586793463985424,0.26633181711049375,0.09586793463985424
12,0.95,LR,3112.0,1366.0,6000,3524.0,1597.0,6000,2.5117797392823586,6.919236676755874,0.26633181711049375,0.08966515265154949,0.26633181711049375,0.09586793463985424,0.26633181711049375,0.09586793463985424
12,0.99,LR,3788.0,1553.0,6000,4102.0,1597.0,6000,2.5117797392823586,6.919236676755874,0.26633181711049375,0.08966515265154949,0.26633181711049375,0.09586793463985424,0.26633181711049375,0.09586793463985424
12,0.9,MLP,3364.0,862.0,6000,4171.0,1375.0,6000,0.6402895683730981,2.1517839995807146,0.22932403204631285,0.09919581221252485,0.22932403204631105,0.2637079640149481,0.22932403204631105,0.2637079640149481
12,0.95,MLP,4053.0,1132.0,6000,4660.0,1376.0,6000,0.6402895683730981,2.1517839995807146,0.22932403204631285,0.09919581221252485,0.22932403204631105,0.2637079640149481,0.22932403204631105,0.2637079640149481
12,0.99,MLP,5057.0,1329.0,6000,5360.0,1376.0,6000,0.6402895683730981,2.1517839995807146,0.22932403204631285,0.09919581221252485,0.22932403204631105,0.2637079640149481,0.22932403204631105,0.2637079640149481
12,0.9,RF,2942.0,825.0,6000,3647.0,1344.0,6000,0.9624684936440292,3.3368206927649546,0.22386688866459037,0.08290389528059597,0.2238668886676913,0.18870455353987597,0.2238668886676913,0.18870455353987597
12,0.95,RF,3513.0,1098.0,6000,4086.0,1344.0,6000,0.9624684936440292,3.3368206927649546,0.22386688866459037,0.08290389528059597,0.2238668886676913,0.18870455353987597,0.2238668886676913,0.18870455353987597
12,0.99,RF,4462.0,1296.0,6000,4823.0,1344.0,6000,0.9624684936440292,3.3368206927649546,0.22386688866459037,0.08290389528059597,0.2238668886676913,0.18870455353987597,0.2238668886676913,0.18870455353987597
12,0.9,AB,3036.0,822.0,6000,3775.0,1339.0,6000,0.8497302054454466,2.9550377062101068,0.22333299301581283,0.08597830127251935,0.22333299301709758,0.2081265980765001,0.22333299301709758,0.2081265980765001
12,0.95,AB,3642.0,1094.0,6000,4233.0,1339.0,6000,0.8497302054454466,2.9550377062101068,0.22333299301581283,0.08597830127251935,0.22333299301709758,0.2081265980765001,0.22333299301709758,0.2081265980765001
12,0.99,AB,4621.0,1292.0,6000,4976.0,1339.0,6000,0.8497302054454466,2.9550377062101068,0.22333299301581283,0.08597830127251935,0.22333299301709758,0.2081265980765001,0.22333299301709758,0.2081265980765001
12,0.9,KNN,3401.0,840.0,6000,4232.0,1357.0,6000,0.5883220186187249,2.0146207097525246,0.22602188369579182,0.09963953402223438,0.22602188369578846,0.27755090085821627,0.22602188369578846,0.27755090085821627
12,0.95,KNN,4115.0,1111.0,6000,4726.0,1357.0,6000,0.5883220186187249,2.0146207097525246,0.22602188369579182,0.09963953402223438,0.22602188369578846,0.27755090085821627,0.22602188369578846,0.27755090085821627
12,0.99,KNN,5128.0,1309.0,6000,5423.0,1357.0,6000,0.5883220186187249,2.0146207097525246,0.22602188369579182,0.09963953402223438,0.22602188369578846,0.27755090085821627,0.22602188369578846,0.27755090085821627
13,0.9,LR,2749.0,1111.0,6000,3232.0,1601.0,6000,2.4803747263266076,6.81977443648924,0.2667026821724237,0.09011765361878156,0.2667026821724237,0.09708597265853776,0.2667026821724237,0.09708597265853776
13,0.95,LR,3125.0,1368.0,6000,3542.0,1601.0,6000,2.4803747263266076,6.81977443648924,0.2667026821724237,0.09011765361878156,0.2667026821724237,0.09708597265853776,0.2667026821724237,0.09708597265853776
13,0.99,LR,3806.0,1555.0,6000,4111.0,1601.0,6000,2.4803747263266076,6.81977443648924,0.2667026821724237,0.09011765361878156,0.2667026821724237,0.09708597265853776,0.2667026821724237,0.09708597265853776
13,0.9,MLP,3169.0,790.0,6000,3971.0,1312.0,6000,0.6779601132324867,2.4242441586894725,0.2185414156535851,0.08939188647089384,0.21854141565360524,0.24377138087555092,0.21854141565360524,0.24377138087555092
13,0.95,MLP,3840.0,1064.0,6000,4456.0,1312.0,6000,0.6779601132324867,2.4242441586894725,0.2185414156535851,0.08939188647089384,0.21854141565360524,0.24377138087555092,0.21854141565360524,0.24377138087555092
13,0.99,MLP,4865.0,1263.0,6000,5199.0,1312.0,6000,0.6779601132324867,2.4242441586894725,0.2185414156535851,0.08939188647089384,0.21854141565360524,0.24377138087555092,0.21854141565360524,0.24377138087555092
13,0.9,RF,2914.0,788.0,6000,3631.0,1310.0,6000,0.9155195706598077,3.2788157562654336,0.21827524489493388,0.08049355250876938,0.21827524489582273,0.1925174131166354,0.21827524489582273,0.1925174131166354
13,0.95,RF,3495.0,1062.0,6000,4077.0,1310.0,6000,0.9155195706598077,3.2788157562654336,0.21827524489493388,0.08049355250876938,0.21827524489582273,0.1925174131166354,0.21827524489582273,0.1925174131166354
13,0.99,RF,4460.0,1262.0,6000,4827.0,1310.0,6000,0.9155195706598077,3.2788157562654336,0.21827524489493388,0.08049355250876938,0.21827524489582273,0.1925174131166354,0.21827524489582273,0.1925174131166354
13,0.9,AB,2996.0,789.0,6000,3742.0,1311.0,6000,0.8274878164925481,2.9621670548279866,0.2183544002264764,0.08331289347814823,0.21835440022647856,0.20878331046100915,0.21835440022647856,0.20878331046100915
13,0.95,AB,3606.0,1063.0,6000,4207.0,1311.0,6000,0.8274878164925481,2.9621670548279866,0.2183544002264764,0.08331289347814823,0.21835440022647856,0.20878331046100915,0.21835440022647856,0.20878331046100915
13,0.99,AB,4597.0,1262.0,6000,4952.0,1311.0,6000,0.8274878164925481,2.9621670548279866,0.2183544002264764,0.08331289347814823,0.21835440022647856,0.20878331046100915,0.21835440022647856,0.20878331046100915
13,0.9,KNN,3380.0,778.0,6000,4243.0,1301.0,6000,0.5276825350398852,1.907065965242481,0.21672979159004818,0.09639550535004648,0.21672979158984512,0.29114213163432234,0.21672979158984512,0.29114213163432234
13,0.95,KNN,4125.0,1053.0,6000,4755.0,1301.0,6000,0.5276825350398852,1.907065965242481,0.21672979159004818,0.09639550535004648,0.21672979158984512,0.29114213163432234,0.21672979158984512,0.29114213163432234
13,0.99,KNN,5166.0,1252.0,6000,5458.0,1301.0,6000,0.5276825350398852,1.907065965242481,0.21672979159004818,0.09639550535004648,0.21672979158984512,0.29114213163432234,0.21672979158984512,0.29114213163432234
14,0.9,LR,2750.0,1100.0,6000,3237.0,1591.0,6000,2.413676868144216,6.690896904526217,0.2651059707363179,0.08956202807457123,0.265105970736318,0.09896508477227144,0.265105970736318,0.09896508477227144
14,0.95,LR,3130.0,1358.0,6000,3553.0,1591.0,6000,2.413676868144216,6.690896904526217,0.2651059707363179,0.08956202807457123,0.265105970736318,0.09896508477227144,0.265105970736318,0.09896508477227144
14,0.99,LR,3818.0,1546.0,6000,4129.0,1591.0,6000,2.413676868144216,6.690896904526217,0.2651059707363179,0.08956202807457123,0.265105970736318,0.09896508477227144,0.265105970736318,0.09896508477227144
14,0.9,MLP,3212.0,750.0,6000,4048.0,1276.0,6000,0.592853157830237,2.195710670677726,0.21260160939098433,0.08938562479270672,0.21260160939096973,0.2639522640413918,0.21260160939096973,0.2639522640413918
14,0.95,MLP,3921.0,1026.0,6000,4553.0,1276.0,6000,0.592853157830237,2.195710670677726,0.21260160939098433,0.08938562479270672,0.21260160939096973,0.2639522640413918,0.21260160939096973,0.2639522640413918
14,0.99,MLP,4973.0,1227.0,6000,5294.0,1276.0,6000,0.592853157830237,2.195710670677726,0.21260160939098433,0.08938562479270672,0.21260160939096973,0.2639522640413918,0.21260160939096973,0.2639522640413918
14,0.9,RF,2943.0,815.0,6000,3652.0,1334.0,6000,0.9385805865631642,3.2843519498461826,0.22225801109789176,0.08249485562272438,0.22225801110268636,0.19146331931897367,0.22225801110268636,0.19146331931897367
14,0.95,RF,3519.0,1087.0,6000,4099.0,1334.0,6000,0.9385805865631642,3.2843519498461826,0.22225801109789176,0.08249485562272438,0.22225801110268636,0.19146331931897367,0.22225801110268636,0.19146331931897367
14,0.99,RF,4476.0,1286.0,6000,4836.0,1334.0,6000,0.9385805865631642,3.2843519498461826,0.22225801109789176,0.08249485562272438,0.22225801110268636,0.19146331931897367,0.22225801110268636,0.19146331931897367
14,0.9,AB,3047.0,807.0,6000,3797.0,1326.0,6000,0.8121404895792659,2.8599921450902146,0.22116316875959485,0.08578068395174736,0.22116316875693806,0.21403501959244842,0.22116316875693806,0.21403501959244842
14,0.95,AB,3664.0,1081.0,6000,4265.0,1326.0,6000,0.8121404895792659,2.8599921450902146,0.22116316875959485,0.08578068395174736,0.22116316875693806,0.21403501959244842,0.22116316875693806,0.21403501959244842
14,0.99,AB,4656.0,1279.0,6000,5004.0,1327.0,6000,0.8121404895792659,2.8599921450902146,0.22116316875959485,0.08578068395174736,0.22116316875693806,0.21403501959244842,0.22116316875693806,0.21403501959244842
14,0.9,KNN,3634.0,836.0,6000,4505.0,1352.0,6000,0.46517538900716343,1.597701748774193,0.22549834912004973,0.10787067731739555,0.22549834912003722,0.3264904059208741,0.22549834912003722,0.3264904059208741
14,0.95,KNN,4411.0,1108.0,6000,5006.0,1352.0,6000,0.46517538900716343,1.597701748774193,0.22549834912004973,0.10787067731739555,0.22549834912003722,0.3264904059208741,0.22549834912003722,0.3264904059208741
14,0.99,KNN,5397.0,1306.0,6000,5628.0,1352.0,6000,0.46517538900716343,1.597701748774193,0.22549834912004973,0.10787067731739555,0.22549834912003722,0.3264904059208741,0.22549834912003722,0.3264904059208741
15,0.9,LR,2719.0,1065.0,6000,3210.0,1558.0,6000,2.337079445261331,6.657560379790037,0.25983024231300716,0.08675391770563821,0.2598302423130082,0.10005363049637063,0.2598302423130082,0.10005363049637063
15,0.95,LR,3102.0,1325.0,6000,3529.0,1558.0,6000,2.337079445261331,6.657560379790037,0.25983024231300716,0.08675391770563821,0.2598302423130082,0.10005363049637063,0.2598302423130082,0.10005363049637063
15,0.99,LR,3797.0,1514.0,6000,4110.0,1559.0,6000,2.337079445261331,6.657560379790037,0.25983024231300716,0.08675391770563821,0.2598302423130082,0.10005363049637063,0.2598302423130082,0.10005363049637063
15,0.9,MLP,3299.0,784.0,6000,4139.0,1307.0,6000,0.581677643507795,2.090477906524145,0.2176810565915007,0.09375998808736116,0.21768105659150055,0.2723196189200923,0.21768105659150055,0.2723196189200923
15,0.95,MLP,4015.0,1059.0,6000,4643.0,1307.0,6000,0.581677643507795,2.090477906524145,0.2176810565915007,0.09375998808736116,0.21768105659150055,0.2723196189200923,0.21768105659150055,0.2723196189200923
15,0.99,MLP,5054.0,1258.0,6000,5366.0,1307.0,6000,0.581677643507795,2.090477906524145,0.2176810565915007,0.09375998808736116,0.21768105659150055,0.2723196189200923,0.21768105659150055,0.2723196189200923
15,0.9,RF,2899.0,786.0,6000,3613.0,1307.0,6000,0.9288760989323804,3.3320969078967195,0.21799624110326826,0.07992584994736286,0.21799624110353724,0.19007890721011725,0.21799624110353724,0.19007890721011725
15,0.95,RF,3475.0,1061.0,6000,4060.0,1307.0,6000,0.9288760989323804,3.3320969078967195,0.21799624110326826,0.07992584994736286,0.21799624110353724,0.19007890721011725,0.21799624110353724,0.19007890721011725
15,0.99,RF,4437.0,1260.0,6000,4807.0,1308.0,6000,0.9288760989323804,3.3320969078967195,0.21799624110326826,0.07992584994736286,0.21799624110353724,0.19007890721011725,0.21799624110353724,0.19007890721011725
15,0.9,AB,2973.0,779.0,6000,3716.0,1302.0,6000,0.8325182982160653,3.0059871576274775,0.21688605312484266,0.0821426501646568,0.21688605312483855,0.2066753895652393,0.21688605312483855,0.2066753895652393
15,0.95,AB,3580.0,1054.0,6000,4180.0,1302.0,6000,0.8325182982160653,3.0059871576274775,0.21688605312484266,0.0821426501646568,0.21688605312483855,0.2066753895652393,0.21688605312483855,0.2066753895652393
15,0.99,AB,4571.0,1253.0,6000,4927.0,1302.0,6000,0.8325182982160653,3.0059871576274775,0.21688605312484266,0.0821426501646568,0.21688605312483855,0.2066753895652393,0.21688605312483855,0.2066753895652393
15,0.9,KNN,3525.0,742.0,6000,4433.0,1269.0,6000,0.4242061943891408,1.5828078741417702,0.2113618439660084,0.10010689693281853,0.21136184396537397,0.3325558102521795,0.21136184396537397,0.3325558102521795
15,0.95,KNN,4335.0,1019.0,6000,4959.0,1269.0,6000,0.4242061943891408,1.5828078741417702,0.2113618439660084,0.10010689693281853,0.21136184396537397,0.3325558102521795,0.21136184396537397,0.3325558102521795
15,0.99,KNN,5370.0,1220.0,6000,5618.0,1269.0,6000,0.4242061943891408,1.5828078741417702,0.2113618439660084,0.10010689693281853,0.21136184396537397,0.3325558102521795,0.21136184396537397,0.3325558102521795
16,0.9,LR,2731.0,1086.0,6000,3222.0,1579.0,6000,2.4079796381112546,6.747094188535642,0.263021323880814,0.08826832098677649,0.2630213238808138,0.09847294240008396,0.2630213238808138,0.09847294240008396
16,0.95,LR,3111.0,1345.0,6000,3533.0,1579.0,6000,2.4079796381112546,6.747094188535642,0.263021323880814,0.08826832098677649,0.2630213238808138,0.09847294240008396,0.2630213238808138,0.09847294240008396
16,0.99,LR,3799.0,1533.0,6000,4106.0,1579.0,6000,2.4079796381112546,6.747094188535642,0.263021323880814,0.08826832098677649,0.2630213238808138,0.09847294240008396,0.2630213238808138,0.09847294240008396
16,0.9,MLP,3185.0,794.0,6000,3985.0,1314.0,6000,0.6726634805322041,2.3967144838067496,0.21915302981478835,0.09007992691546389,0.2191530298149757,0.24573780286895616,0.2191530298149757,0.24573780286895616
16,0.95,MLP,3857.0,1068.0,6000,4477.0,1315.0,6000,0.6726634805322041,2.3967144838067496,0.21915302981478835,0.09007992691546389,0.2191530298149757,0.24573780286895616,0.2191530298149757,0.24573780286895616
16,0.99,MLP,4882.0,1267.0,6000,5218.0,1315.0,6000,0.6726634805322041,2.3967144838067496,0.21915302981478835,0.09007992691546389,0.2191530298149757,0.24573780286895616,0.2191530298149757,0.24573780286895616
16,0.9,RF,2957.0,820.0,6000,3672.0,1339.0,6000,0.9335560974907724,3.250063169829404,0.22314556794633714,0.08323614279468111,0.22314556794953364,0.19291540300894425,0.22314556794953364,0.19291540300894425
16,0.95,RF,3536.0,1093.0,6000,4117.0,1339.0,6000,0.9335560974907724,3.250063169829404,0.22314556794633714,0.08323614279468111,0.22314556794953364,0.19291540300894425,0.22314556794953364,0.19291540300894425
16,0.99,RF,4494.0,1291.0,6000,4852.0,1339.0,6000,0.9335560974907724,3.250063169829404,0.22314556794633714,0.08323614279468111,0.22314556794953364,0.19291540300894425,0.22314556794953364,0.19291540300894425
16,0.9,AB,3088.0,819.0,6000,3847.0,1337.0,6000,0.794336175385249,2.767713789450333,0.222999728617641,0.0877097978459106,0.2229997285908128,0.2191997035780033,0.2229997285908128,0.2191997035780033
16,0.95,AB,3714.0,1092.0,6000,4312.0,1337.0,6000,0.794336175385249,2.767713789450333,0.222999728617641,0.0877097978459106,0.2229997285908128,0.2191997035780033,0.2229997285908128,0.2191997035780033
16,0.99,AB,4707.0,1290.0,6000,5053.0,1337.0,6000,0.794336175385249,2.767713789450333,0.222999728617641,0.0877097978459106,0.2229997285908128,0.2191997035780033,0.2229997285908128,0.2191997035780033
16,0.9,KNN,3517.0,828.0,6000,4376.0,1346.0,6000,0.5115270259994625,1.7694123318474468,0.22426156322182358,0.10331718350522567,0.2242615632194264,0.30479075988050025,0.2242615632194264,0.30479075988050025
16,0.95,KNN,4270.0,1100.0,6000,4878.0,1346.0,6000,0.5115270259994625,1.7694123318474468,0.22426156322182358,0.10331718350522567,0.2242615632194264,0.30479075988050025,0.2242615632194264,0.30479075988050025
16,0.99,KNN,5279.0,1298.0,6000,5538.0,1346.0,6000,0.5115270259994625,1.7694123318474468,0.22426156322182358,0.10331718350522567,0.2242615632194264,0.30479075988050025,0.2242615632194264,0.30479075988050025
17,0.9,LR,2749.0,1100.0,6000,3240.0,1591.0,6000,2.4163124657566213,6.697342754270112,0.2651309938132082,0.08955914548371466,0.2651309938132083,0.09887622014440757,0.2651309938132083,0.09887622014440757
17,0.95,LR,3130.0,1358.0,6000,3548.0,1591.0,6000,2.4163124657566213,6.697342754270112,0.2651309938132082,0.08955914548371466,0.2651309938132083,0.09887622014440757,0.2651309938132083,0.09887622014440757
17,0.99,LR,3817.0,1546.0,6000,4129.0,1591.0,6000,2.4163124657566213,6.697342754270112,0.2651309938132082,0.08955914548371466,0.2651309938132083,0.09887622014440757,0.2651309938132083,0.09887622014440757
17,0.9,MLP,3210.0,797.0,6000,4018.0,1318.0,6000,0.6578851688553374,2.3385318361732685,0.21955728049573614,0.09108177614850001,0.21955728049576223,0.2502241379570053,0.21955728049576223,0.2502241379570053
17,0.95,MLP,3889.0,1070.0,6000,4511.0,1318.0,6000,0.6578851688553374,2.3385318361732685,0.21955728049573614,0.09108177614850001,0.21955728049576223,0.2502241379570053,0.21955728049576223,0.2502241379570053
17,0.99,MLP,4916.0,1270.0,6000,5244.0,1318.0,6000,0.6578851688553374,2.3385318361732685,0.21955728049573614,0.09108177614850001,0.21955728049576223,0.2502241379570053,0.21955728049576223,0.2502241379570053
17,0.9,RF,2939.0,807.0,6000,3652.0,1327.0,6000,0.9264223792402109,3.264138860669246,0.22107358088334317,0.08204914150577906,0.22107358088870874,0.19265739363811915,0.22107358088870874,0.19265739363811915
17,0.95,RF,3518.0,1080.0,6000,4099.0,1327.0,6000,0.9264223792402109,3.264138860669246,0.22107358088334317,0.08204914150577906,0.22107358088870874,0.19265739363811915,0.22107358088870874,0.19265739363811915
17,0.99,RF,4479.0,1279.0,6000,4839.0,1327.0,6000,0.9264223792402109,3.264138860669246,0.22107358088334317,0.08204914150577906,0.22107358088870874,0.19265739363811915,0.22107358088870874,0.19265739363811915
17,0.9,AB,3040.0,809.0,6000,3786.0,1329.0,6000,0.8225198909999297,2.891823921332382,0.2214441991796807,0.08560819359329963,0.22144419917968036,0.21211859800808067,0.22144419917968036,0.21211859800808067
17,0.95,AB,3654.0,1082.0,6000,4250.0,1329.0,6000,0.8225198909999297,2.891823921332382,0.2214441991796807,0.08560819359329963,0.22144419917968036,0.21211859800808067,0.22144419917968036,0.21211859800808067
17,0.99,AB,4642.0,1281.0,6000,4995.0,1329.0,6000,0.8225198909999297,2.891823921332382,0.2214441991796807,0.08560819359329963,0.22144419917968036,0.21211859800808067,0.22144419917968036,0.21211859800808067
17,0.9,KNN,3517.0,820.0,6000,4380.0,1339.0,6000,0.503720905291252,1.7537891424690644,0.2231311908410564,0.10300107486117153,0.22313119084054367,0.3069829364571092,0.22313119084054367,0.3069829364571092
17,0.95,KNN,4274.0,1093.0,6000,4887.0,1339.0,6000,0.503720905291252,1.7537891424690644,0.2231311908410564,0.10300107486117153,0.22313119084054367,0.3069829364571092,0.22313119084054367,0.3069829364571092
17,0.99,KNN,5286.0,1291.0,6000,5545.0,1339.0,6000,0.503720905291252,1.7537891424690644,0.2231311908410564,0.10300107486117153,0.22313119084054367,0.3069829364571092,0.22313119084054367,0.3069829364571092
18,0.9,LR,2732.0,1091.0,6000,3217.0,1583.0,6000,2.432991968151743,6.793567591792245,0.2636943870946533,0.08852055352891332,0.2636943870946532,0.09778459648510346,0.2636943870946532,0.09778459648510346
18,0.95,LR,3110.0,1349.0,6000,3529.0,1583.0,6000,2.432991968151743,6.793567591792245,0.2636943870946533,0.08852055352891332,0.2636943870946532,0.09778459648510346,0.2636943870946532,0.09778459648510346
18,0.99,LR,3795.0,1537.0,6000,4102.0,1583.0,6000,2.432991968151743,6.793567591792245,0.2636943870946533,0.08852055352891332,0.2636943870946532,0.09778459648510346,0.2636943870946532,0.09778459648510346
18,0.9,MLP,3217.0,788.0,6000,4033.0,1310.0,6000,0.6405530065485651,2.2941114384439767,0.2182712942331606,0.09100792024417122,0.21827129423316163,0.2541512787126363,0.21827129423316163,0.2541512787126363
18,0.95,MLP,3904.0,1062.0,6000,4529.0,1310.0,6000,0.6405530065485651,2.2941114384439767,0.2182712942331606,0.09100792024417122,0.21827129423316163,0.2541512787126363,0.21827129423316163,0.2541512787126363
18,0.99,MLP,4936.0,1262.0,6000,5266.0,1310.0,6000,0.6405530065485651,2.2941114384439767,0.2182712942331606,0.09100792024417122,0.21827129423316163,0.2541512787126363,0.21827129423316163,0.2541512787126363
18,0.9,RF,3001.0,821.0,6000,3728.0,1340.0,6000,0.8859115650386643,3.082265759199367,0.22325402638111294,0.08474684432815272,0.22325402638320274,0.20128106038432717,0.22325402638320274,0.20128106038432717
18,0.95,RF,3595.0,1094.0,6000,4179.0,1340.0,6000,0.8859115650386643,3.082265759199367,0.22325402638111294,0.08474684432815272,0.22325402638320274,0.20128106038432717,0.22325402638320274,0.20128106038432717
18,0.99,RF,4565.0,1292.0,6000,4919.0,1340.0,6000,0.8859115650386643,3.082265759199367,0.22325402638111294,0.08474684432815272,0.22325402638320274,0.20128106038432717,0.22325402638320274,0.20128106038432717
18,0.9,AB,3134.0,832.0,6000,3899.0,1350.0,6000,0.7740901945368677,2.6679419799985062,0.22489336394458784,0.0898195006505584,0.22489336394461767,0.22512218748271395,0.22489336394461767,0.22512218748271395
18,0.95,AB,3768.0,1104.0,6000,4369.0,1350.0,6000,0.7740901945368677,2.6679419799985062,0.22489336394458784,0.0898195006505584,0.22489336394461767,0.22512218748271395,0.22489336394461767,0.22512218748271395
18,0.99,AB,4763.0,1302.0,6000,5106.0,1350.0,6000,0.7740901945368677,2.6679419799985062,0.22489336394458784,0.0898195006505584,0.22489336394461767,0.22512218748271395,0.22489336394461767,0.22512218748271395
18,0.9,KNN,3598.0,819.0,6000,4471.0,1337.0,6000,0.4655068049903232,1.62207203996369,0.222988849378696,0.1058407550468804,0.2229888495543639,0.32387836885017074,0.2229888495543639,0.32387836885017074
18,0.95,KNN,4375.0,1092.0,6000,4982.0,1338.0,6000,0.4655068049903232,1.62207203996369,0.222988849378696,0.1058407550468804,0.2229888495543639,0.32387836885017074,0.2229888495543639,0.32387836885017074
18,0.99,KNN,5374.0,1290.0,6000,5613.0,1338.0,6000,0.4655068049903232,1.62207203996369,0.222988849378696,0.1058407550468804,0.2229888495543639,0.32387836885017074,0.2229888495543639,0.32387836885017074
19,0.9,LR,2726.0,1077.0,6000,3214.0,1570.0,6000,2.378459011587444,6.712115317575176,0.2616401258562214,0.0876006074735667,0.2616401258562215,0.0991023867798996,0.2616401258562215,0.0991023867798996
19,0.95,LR,3107.0,1336.0,6000,3529.0,1570.0,6000,2.378459011587444,6.712115317575176,0.2616401258562214,0.0876006074735667,0.2616401258562215,0.0991023867798996,0.2616401258562215,0.0991023867798996
19,0.99,LR,3797.0,1525.0,6000,4112.0,1570.0,6000,2.378459011587444,6.712115317575176,0.2616401258562214,0.0876006074735667,0.2616401258562215,0.0991023867798996,0.2616401258562215,0.0991023867798996
19,0.9,MLP,3110.0,714.0,6000,3939.0,1243.0,6000,0.6108672757484792,2.3382988684153605,0.20713220140463898,0.0844893511228029,0.2071322014045685,0.25321801197901506,0.2071322014045685,0.25321801197901506
19,0.95,MLP,3806.0,992.0,6000,4448.0,1243.0,6000,0.6108672757484792,2.3382988684153605,0.20713220140463898,0.0844893511228029,0.2071322014045685,0.25321801197901506,0.2071322014045685,0.25321801197901506
19,0.99,MLP,4869.0,1194.0,6000,5204.0,1243.0,6000,0.6108672757484792,2.3382988684153605,0.20713220140463898,0.0844893511228029,0.2071322014045685,0.25321801197901506,0.2071322014045685,0.25321801197901506
19,0.9,RF,2852.0,772.0,6000,3556.0,1296.0,6000,0.9550547859547993,3.469015369555356,0.2158769532230731,0.0778108059978967,0.21587695320909045,0.18436339710394953,0.21587695320909045,0.18436339710394953
19,0.95,RF,3419.0,1047.0,6000,3995.0,1296.0,6000,0.9550547859547993,3.469015369555356,0.2158769532230731,0.0778108059978967,0.21587695320909045,0.18436339710394953,0.21587695320909045,0.18436339710394953
19,0.99,RF,4374.0,1247.0,6000,4741.0,1296.0,6000,0.9550547859547993,3.469015369555356,0.2158769532230731,0.0778108059978967,0.21587695320909045,0.18436339710394953,0.21587695320909045,0.18436339710394953
19,0.9,AB,2992.0,783.0,6000,3738.0,1306.0,6000,0.8220104950894462,2.956272791440599,0.21756190120028296,0.08295867857735406,0.21756190119994318,0.20928018286797576,0.21756190119994318,0.20928018286797576
19,0.95,AB,3603.0,1058.0,6000,4205.0,1306.0,6000,0.8220104950894462,2.956272791440599,0.21756190120028296,0.08295867857735406,0.21756190119994318,0.20928018286797576,0.21756190119994318,0.20928018286797576
19,0.99,AB,4596.0,1257.0,6000,4954.0,1306.0,6000,0.8220104950894462,2.956272791440599,0.21756190120028296,0.08295867857735406,0.21756190119994318,0.20928018286797576,0.21756190119994318,0.20928018286797576
19,0.9,KNN,3293.0,786.0,6000,4128.0,1309.0,6000,0.5883830973376865,2.1104680079972042,0.21801243357762012,0.09362022277801348,0.2180124335776116,0.2703542185187422,0.2180124335776116,0.2703542185187422
19,0.95,KNN,4006.0,1061.0,6000,4630.0,1309.0,6000,0.5883830973376865,2.1104680079972042,0.21801243357762012,0.09362022277801348,0.2180124335776116,0.2703542185187422,0.2180124335776116,0.2703542185187422
19,0.99,KNN,5043.0,1260.0,6000,5356.0,1309.0,6000,0.5883830973376865,2.1104680079972042,0.21801243357762012,0.09362022277801348,0.2180124335776116,0.2703542185187422,0.2180124335776116,0.2703542185187422
20,0.9,LR,2716.0,1071.0,6000,3208.0,1563.0,6000,2.377971633780845,6.744972783383735,0.2606583494366965,0.08698027710320287,0.2606583494366965,0.09878548758050953,0.2606583494366965,0.09878548758050953
20,0.95,LR,3097.0,1330.0,6000,3520.0,1563.0,6000,2.377971633780845,6.744972783383735,0.2606583494366965,0.08698027710320287,0.2606583494366965,0.09878548758050953,0.2606583494366965,0.09878548758050953
20,0.99,LR,3787.0,1519.0,6000,4100.0,1564.0,6000,2.377971633780845,6.744972783383735,0.2606583494366965,0.08698027710320287,0.2606583494366965,0.09878548758050953,0.2606583494366965,0.09878548758050953
20,0.9,MLP,3198.0,786.0,6000,4010.0,1307.0,6000,0.6513278566096331,2.3364261548586884,0.21799915726312755,0.0902733920073154,0.217999157263131,0.2507677246701063,0.217999157263131,0.2507677246701063
20,0.95,MLP,3880.0,1061.0,6000,4504.0,1307.0,6000,0.6513278566096331,2.3364261548586884,0.21799915726312755,0.0902733920073154,0.217999157263131,0.2507677246701063,0.217999157263131,0.2507677246701063
20,0.99,MLP,4911.0,1260.0,6000,5245.0,1307.0,6000,0.6513278566096331,2.3364261548586884,0.21799915726312755,0.0902733920073154,0.217999157263131,0.2507677246701063,0.217999157263131,0.2507677246701063
20,0.9,RF,2898.0,784.0,6000,3610.0,1305.0,6000,0.92570261988679,3.327405040289533,0.21765323002744538,0.0797880840077209,0.2176532300262563,0.19036350760160026,0.2176532300262563,0.19036350760160026
20,0.95,RF,3475.0,1058.0,6000,4056.0,1306.0,6000,0.92570261988679,3.327405040289533,0.21765323002744538,0.0797880840077209,0.2176532300262563,0.19036350760160026,0.2176532300262563,0.19036350760160026
20,0.99,RF,4438.0,1258.0,6000,4801.0,1306.0,6000,0.92570261988679,3.327405040289533,0.21765323002744538,0.0797880840077209,0.2176532300262563,0.19036350760160026,0.2176532300262563,0.19036350760160026
20,0.9,AB,3008.0,786.0,6000,3758.0,1307.0,6000,0.8115134522934901,2.9112748044895578,0.217985390604851,0.08361235905868215,0.2179853906047127,0.2117393255062329,0.2179853906047127,0.2117393255062329
20,0.95,AB,3623.0,1060.0,6000,4226.0,1308.0,6000,0.8115134522934901,2.9112748044895578,0.217985390604851,0.08361235905868215,0.2179853906047127,0.2117393255062329,0.2179853906047127,0.2117393255062329
20,0.99,AB,4618.0,1260.0,6000,4979.0,1308.0,6000,0.8115134522934901,2.9112748044895578,0.217985390604851,0.08361235905868215,0.2179853906047127,0.2117393255062329,0.2179853906047127,0.2117393255062329
20,0.9,KNN,3657.0,800.0,6000,4550.0,1321.0,6000,0.4235411228030952,1.5005447616743057,0.220125892622674,0.10716452003155845,0.2201258926225805,0.3419872190856399,0.2201258926225805,0.3419872190856399
20,0.95,KNN,4461.0,1074.0,6000,5062.0,1321.0,6000,0.4235411228030952,1.5005447616743057,0.220125892622674,0.10716452003155845,0.2201258926225805,0.3419872190856399,0.2201258926225805,0.3419872190856399
20,0.99,KNN,5450.0,1273.0,6000,5679.0,1321.0,6000,0.4235411228030952,1.5005447616743057,0.220125892622674,0.10716452003155845,0.2201258926225805,0.3419872190856399,0.2201258926225805,0.3419872190856399
21,0.9,LR,2736.0,1110.0,6000,3215.0,1600.0,6000,2.5334003730427037,6.968713744878668,0.26661439145048843,0.08970150006293814,0.26661439145048865,0.09521892342547927,0.26661439145048865,0.09521892342547927
21,0.95,LR,3108.0,1368.0,6000,3521.0,1600.0,6000,2.5334003730427037,6.968713744878668,0.26661439145048843,0.08970150006293814,0.26661439145048865,0.09521892342547927,0.26661439145048865,0.09521892342547927
21,0.99,LR,3782.0,1555.0,6000,4095.0,1600.0,6000,2.5334003730427037,6.968713744878668,0.26661439145048843,0.08970150006293814,0.26661439145048865,0.09521892342547927,0.26661439145048865,0.09521892342547927
21,0.9,MLP,3260.0,817.0,6000,4068.0,1335.0,6000,0.651401811808148,2.2741923392896752,0.22265624627540168,0.09366605776270992,0.22265624627520902,0.25473850874786486,0.22265624627520902,0.25473850874786486
21,0.95,MLP,3943.0,1090.0,6000,4561.0,1336.0,6000,0.651401811808148,2.2741923392896752,0.22265624627540168,0.09366605776270992,0.22265624627520902,0.25473850874786486,0.22265624627520902,0.25473850874786486
21,0.99,MLP,4964.0,1288.0,6000,5279.0,1336.0,6000,0.651401811808148,2.2741923392896752,0.22265624627540168,0.09366605776270992,0.22265624627520902,0.25473850874786486,0.22265624627520902,0.25473850874786486
21,0.9,RF,2911.0,818.0,6000,3610.0,1337.0,6000,0.9845676886392523,3.435045314711563,0.22277237574086128,0.08157535575652836,0.22277237574710346,0.18451501968530304,0.22277237574710346,0.18451501968530304
21,0.95,RF,3475.0,1091.0,6000,4045.0,1337.0,6000,0.9845676886392523,3.435045314711563,0.22277237574086128,0.08157535575652836,0.22277237574710346,0.18451501968530304,0.22277237574710346,0.18451501968530304
21,0.99,RF,4419.0,1289.0,6000,4779.0,1337.0,6000,0.9845676886392523,3.435045314711563,0.22277237574086128,0.08157535575652836,0.22277237574710346,0.18451501968530304,0.22277237574710346,0.18451501968530304
21,0.9,AB,3043.0,817.0,6000,3788.0,1336.0,6000,0.8332004460281396,2.9098808281904085,0.22259747651326556,0.08603390278091982,0.22259747651407566,0.2108334102212398,0.22259747651407566,0.2108334102212398
21,0.95,AB,3654.0,1090.0,6000,4250.0,1336.0,6000,0.8332004460281396,2.9098808281904085,0.22259747651326556,0.08603390278091982,0.22259747651407566,0.2108334102212398,0.22259747651407566,0.2108334102212398
21,0.99,AB,4639.0,1288.0,6000,4987.0,1336.0,6000,0.8332004460281396,2.9098808281904085,0.22259747651326556,0.08603390278091982,0.22259747651407566,0.2108334102212398,0.22259747651407566,0.2108334102212398
21,0.9,KNN,3457.0,786.0,6000,4328.0,1309.0,6000,0.49801880761233513,1.786033525076527,0.2180417674692597,0.09945964175502733,0.2180417674695093,0.3045018467112053,0.2180417674695093,0.3045018467112053
21,0.95,KNN,4218.0,1061.0,6000,4844.0,1309.0,6000,0.49801880761233513,1.786033525076527,0.2180417674692597,0.09945964175502733,0.2180417674695093,0.3045018467112053,0.2180417674695093,0.3045018467112053
21,0.99,KNN,5250.0,1260.0,6000,5517.0,1309.0,6000,0.49801880761233513,1.786033525076527,0.2180417674692597,0.09945964175502733,0.2180417674695093,0.3045018467112053,0.2180417674695093,0.3045018467112053
22,0.9,LR,2739.0,1100.0,6000,3224.0,1591.0,6000,2.458344957088837,6.814904136757961,0.26510071413050423,0.08924243045785833,0.26510071413050423,0.09734018817853389,0.26510071413050423,0.09734018817853389
22,0.95,LR,3116.0,1358.0,6000,3534.0,1591.0,6000,2.458344957088837,6.814904136757961,0.26510071413050423,0.08924243045785833,0.26510071413050423,0.09734018817853389,0.26510071413050423,0.09734018817853389
22,0.99,LR,3798.0,1546.0,6000,4113.0,1591.0,6000,2.458344957088837,6.814904136757961,0.26510071413050423,0.08924243045785833,0.26510071413050423,0.09734018817853389,0.26510071413050423,0.09734018817853389
22,0.9,MLP,3215.0,806.0,6000,4020.0,1326.0,6000,0.6672671749731478,2.352910578132012,0.2209363916700345,0.0916277876777818,0.22093639167002835,0.24874522009073013,0.22093639167002835,0.24874522009073013
22,0.95,MLP,3891.0,1079.0,6000,4508.0,1326.0,6000,0.6672671749731478,2.352910578132012,0.2209363916700345,0.0916277876777818,0.22093639167002835,0.24874522009073013,0.22093639167002835,0.24874522009073013
22,0.99,MLP,4913.0,1278.0,6000,5242.0,1326.0,6000,0.6672671749731478,2.352910578132012,0.2209363916700345,0.0916277876777818,0.22093639167002835,0.24874522009073013,0.22093639167002835,0.24874522009073013
22,0.9,RF,2945.0,811.0,6000,3657.0,1331.0,6000,0.92867523841442,3.259777219412695,0.22172275983647372,0.0824197966852344,0.22172275984151868,0.19273569684375455,0.22172275984151868,0.19273569684375455
22,0.95,RF,3524.0,1084.0,6000,4103.0,1331.0,6000,0.92867523841442,3.259777219412695,0.22172275983647372,0.0824197966852344,0.22172275984151868,0.19273569684375455,0.22172275984151868,0.19273569684375455
22,0.99,RF,4484.0,1283.0,6000,4840.0,1331.0,6000,0.92867523841442,3.259777219412695,0.22172275983647372,0.0824197966852344,0.22172275984151868,0.19273569684375455,0.22172275984151868,0.19273569684375455
22,0.9,AB,3061.0,822.0,6000,3810.0,1341.0,6000,0.825483813617361,2.868867930316824,0.22344483440376128,0.0868905763134746,0.22344483439421708,0.21302195799284787,0.22344483439421708,0.21302195799284787
22,0.95,AB,3676.0,1095.0,6000,4270.0,1341.0,6000,0.825483813617361,2.868867930316824,0.22344483440376128,0.0868905763134746,0.22344483439421708,0.21302195799284787,0.22344483439421708,0.21302195799284787
22,0.99,AB,4661.0,1293.0,6000,5011.0,1341.0,6000,0.825483813617361,2.868867930316824,0.22344483440376128,0.0868905763134746,0.22344483439421708,0.21302195799284787,0.22344483439421708,0.21302195799284787
22,0.9,KNN,3465.0,820.0,6000,4320.0,1339.0,6000,0.5298647571093493,1.8451168924225743,0.22310267416753793,0.10113148866249387,0.22310267416751556,0.29629790732008576,0.22310267416751556,0.29629790732008576
22,0.95,KNN,4208.0,1093.0,6000,4825.0,1339.0,6000,0.5298647571093493,1.8451168924225743,0.22310267416753793,0.10113148866249387,0.22310267416751556,0.29629790732008576,0.22310267416751556,0.29629790732008576
22,0.99,KNN,5226.0,1291.0,6000,5500.0,1339.0,6000,0.5298647571093493,1.8451168924225743,0.22310267416753793,0.10113148866249387,0.22310267416751556,0.29629790732008576,0.22310267416751556,0.29629790732008576
23,0.9,LR,2731.0,1076.0,6000,3223.0,1570.0,6000,2.35285098496042,6.643336881056387,0.26153866726686986,0.08772345917307983,0.26153866726686964,0.10003813587773948,0.26153866726686964,0.10003813587773948
23,0.95,LR,3114.0,1336.0,6000,3540.0,1570.0,6000,2.35285098496042,6.643336881056387,0.26153866726686986,0.08772345917307983,0.26153866726686964,0.10003813587773948,0.26153866726686964,0.10003813587773948
23,0.99,LR,3808.0,1524.0,6000,4119.0,1570.0,6000,2.35285098496042,6.643336881056387,0.26153866726686986,0.08772345917307983,0.26153866726686964,0.10003813587773948,0.26153866726686964,0.10003813587773948
23,0.9,MLP,3162.0,774.0,6000,3971.0,1297.0,6000,0.6595090983586991,2.391964859981086,0.21612804413950562,0.08852739999023329,0.21612804413953385,0.24682375112927554,0.21612804413953385,0.24682375112927554
23,0.95,MLP,3840.0,1049.0,6000,4462.0,1297.0,6000,0.6595090983586991,2.391964859981086,0.21612804413950562,0.08852739999023329,0.21612804413953385,0.24682375112927554,0.21612804413953385,0.24682375112927554
23,0.99,MLP,4873.0,1249.0,6000,5212.0,1297.0,6000,0.6595090983586991,2.391964859981086,0.21612804413950562,0.08852739999023329,0.21612804413953385,0.24682375112927554,0.21612804413953385,0.24682375112927554
23,0.9,RF,2936.0,791.0,6000,3660.0,1313.0,6000,0.8961999141008842,3.201387885695517,0.2187140234406764,0.08135720830078799,0.21871402344213686,0.19617121651929964,0.21871402344213686,0.19617121651929964
23,0.95,RF,3523.0,1065.0,6000,4112.0,1313.0,6000,0.8961999141008842,3.201387885695517,0.2187140234406764,0.08135720830078799,0.21871402344213686,0.19617121651929964,0.21871402344213686,0.19617121651929964
23,0.99,RF,4494.0,1264.0,6000,4859.0,1313.0,6000,0.8961999141008842,3.201387885695517,0.2187140234406764,0.08135720830078799,0.21871402344213686,0.19617121651929964,0.21871402344213686,0.19617121651929964
23,0.9,AB,3035.0,786.0,6000,3795.0,1308.0,6000,0.784458868064351,2.815580125575839,0.21790288097321098,0.08452944179818128,0.21790288089939358,0.21738946156381622,0.21790288089939358,0.21738946156381622
23,0.95,AB,3661.0,1060.0,6000,4264.0,1308.0,6000,0.784458868064351,2.815580125575839,0.21790288097321098,0.08452944179818128,0.21790288089939358,0.21738946156381622,0.21790288089939358,0.21738946156381622
23,0.99,AB,4663.0,1260.0,6000,5016.0,1308.0,6000,0.784458868064351,2.815580125575839,0.21790288097321098,0.08452944179818128,0.21790288089939358,0.21738946156381622,0.21790288089939358,0.21738946156381622
23,0.9,KNN,3402.0,778.0,6000,4266.0,1301.0,6000,0.5168731387625722,1.8674688920429294,0.21677810150302207,0.09716065227807144,0.21677810149911972,0.29547840936218606,0.21677810149911972,0.29547840936218606
23,0.95,KNN,4153.0,1053.0,6000,4779.0,1301.0,6000,0.5168731387625722,1.8674688920429294,0.21677810150302207,0.09716065227807144,0.21677810149911972,0.29547840936218606,0.21677810149911972,0.29547840936218606
23,0.99,KNN,5192.0,1253.0,6000,5477.0,1301.0,6000,0.5168731387625722,1.8674688920429294,0.21677810150302207,0.09716065227807144,0.21677810149911972,0.29547840936218606,0.21677810149911972,0.29547840936218606
24,0.9,LR,2738.0,1101.0,6000,3225.0,1590.0,6000,2.4632545057365616,6.826720880223507,0.2651518872115933,0.0892410752841102,0.2651518872115932,0.09718196229744418,0.2651518872115932,0.09718196229744418
24,0.95,LR,3115.0,1358.0,6000,3532.0,1591.0,6000,2.4632545057365616,6.826720880223507,0.2651518872115933,0.0892410752841102,0.2651518872115932,0.09718196229744418,0.2651518872115932,0.09718196229744418
24,0.99,LR,3797.0,1546.0,6000,4105.0,1591.0,6000,2.4632545057365616,6.826720880223507,0.2651518872115933,0.0892410752841102,0.2651518872115932,0.09718196229744418,0.2651518872115932,0.09718196229744418
24,0.9,MLP,3350.0,829.0,6000,4173.0,1347.0,6000,0.606939224664334,2.0976850653255474,0.22440796191570886,0.09734049342162085,0.2244079619157028,0.2699329059365238,0.2244079619157028,0.2699329059365238
24,0.95,MLP,4054.0,1101.0,6000,4669.0,1347.0,6000,0.606939224664334,2.0976850653255474,0.22440796191570886,0.09734049342162085,0.2244079619157028,0.2699329059365238,0.2244079619157028,0.2699329059365238
24,0.99,MLP,5073.0,1299.0,6000,5371.0,1347.0,6000,0.606939224664334,2.0976850653255474,0.22440796191570886,0.09734049342162085,0.2244079619157028,0.2699329059365238,0.2244079619157028,0.2699329059365238
24,0.9,RF,2994.0,839.0,6000,3707.0,1356.0,6000,0.9298335540803845,3.186573445607321,0.2258847470981713,0.08520040808541093,0.22588474709884787,0.19544965833660963,0.22588474709884787,0.19544965833660963
24,0.95,RF,3575.0,1110.0,6000,4156.0,1356.0,6000,0.9298335540803845,3.186573445607321,0.2258847470981713,0.08520040808541093,0.22588474709884787,0.19544965833660963,0.22588474709884787,0.19544965833660963
24,0.99,RF,4532.0,1308.0,6000,4888.0,1356.0,6000,0.9298335540803845,3.186573445607321,0.2258847470981713,0.08520040808541093,0.22588474709884787,0.19544965833660963,0.22588474709884787,0.19544965833660963
24,0.9,AB,3119.0,838.0,6000,3873.0,1356.0,6000,0.7992691533958096,2.7397354659386455,0.22584575025124407,0.0895256396351306,0.22584575025113138,0.22031262002694943,0.22584575025113138,0.22031262002694943
24,0.95,AB,3744.0,1110.0,6000,4339.0,1356.0,6000,0.7992691533958096,2.7397354659386455,0.22584575025124407,0.0895256396351306,0.22584575025113138,0.22031262002694943,0.22584575025113138,0.22031262002694943
24,0.99,AB,4732.0,1308.0,6000,5073.0,1356.0,6000,0.7992691533958096,2.7397354659386455,0.22584575025124407,0.0895256396351306,0.22584575025113138,0.22031262002694943,0.22584575025113138,0.22031262002694943
24,0.9,KNN,3584.0,844.0,6000,4444.0,1360.0,6000,0.4952769918959957,1.69005876943769,0.22663656572112856,0.1063889233778071,0.22663656572101937,0.31393864726565107,0.22663656572101937,0.31393864726565107
24,0.95,KNN,4344.0,1115.0,6000,4944.0,1360.0,6000,0.4952769918959957,1.69005876943769,0.22663656572112856,0.1063889233778071,0.22663656572101937,0.31393864726565107,0.22663656572101937,0.31393864726565107
24,0.99,KNN,5338.0,1312.0,6000,5582.0,1360.0,6000,0.4952769918959957,1.69005876943769,0.22663656572112856,0.1063889233778071,0.22663656572101937,0.31393864726565107,0.22663656572101937,0.31393864726565107
